ENDEKSA_IL,ENDEKSA_IL_AD,ENDEKSA_ILCE,ENDEKSA_ILCE_AD,LATLOT,SLUG
1,Adana,1104,Seyhan,[35.2161509947605, 36.9397025066729],adana-seyhan
1,Adana,1219,Ceyhan,[35.8403242669707, 37.0650712550238],adana-ceyhan
1,Adana,1329,Feke,[35.8289130777097, 37.8755572966562],adana-feke
1,Adana,1437,Karaisalı,[35.1607377429926, 37.3012283528413],adana-karaisali
1,Adana,1443,Karataş,[35.2871056529782, 36.6725105284352],adana-karatas
1,Adana,1580,Pozantı,[34.913986818745, 37.495454975674],adana-pozanti
1,Adana,1588,Saimbeyli,[36.1150794127415, 37.9541646331803],adana-saimbeyli
1,Adana,1734,Yumurtalık,[35.5559214145504, 36.7321295],adana-yumurtalik
1,Adana,1748,Yüreğir,[35.4307278164036, 36.8555055598243],adana-yuregir
1,Adana,1757,Aladağ,[35.3231315403307, 37.572253337422],adana-aladag
1,Adana,1806,İmamoğlu,[35.5907441808832, 37.2980724827402],adana-imamoglu
1,Adana,2032,Sarıçam,[35.4753623714284, 37.1079846783322],adana-saricam
1,Adana,2033,Çukurova,[35.1817494205908, 37.0904845830017],adana-cukurova
1,Adana,9999,Adana Il Geneli,,Adana Il Geneli
2,Adıyaman,1105,Adıyaman Merkez,[38.2583464907557, 37.7523025982164],adiyaman-adiyaman-merkez
2,Adıyaman,1182,Besni,[37.8815677252132, 37.604924631302],adiyaman-besni
2,Adıyaman,1246,Çelikhan,[38.2515042406, 38.0616009355887],adiyaman-celikhan
2,Adıyaman,1347,Gerger,[39.0159897246076, 38.0278992379526],adiyaman-gerger
2,Adıyaman,1354,Gölbaşı,[37.6260910512254, 37.7753360010981],adiyaman-golbasi
2,Adıyaman,1425,Kahta,[38.6971897888496, 37.7934957112238],adiyaman-kahta
2,Adıyaman,1592,Samsat,[38.4725839027453, 37.5669634310338],adiyaman-samsat
2,Adıyaman,1985,Sincik,[38.5565411160275, 38.0386299163481],adiyaman-sincik
2,Adıyaman,1989,Tut,[37.9473092132226, 37.802725428452],adiyaman-tut
3,Afyonkarahisar,1108,Afyonkarahisar Merkez,[30.5608769624319, 38.7746533023343],afyonkarahisar-afyonkarahisar-merkez
3,Afyonkarahisar,1200,Bolvadin,[31.1127046836281, 38.7655389244406],afyonkarahisar-bolvadin
3,Afyonkarahisar,1239,Çay,[30.9399226964628, 38.5234994946616],afyonkarahisar-cay
3,Afyonkarahisar,1267,Dazkırı,[29.8040949417523, 37.9259173682944],afyonkarahisar-dazkiri
3,Afyonkarahisar,1281,Dinar,[30.2711563079913, 38.1603973248322],afyonkarahisar-dinar
3,Afyonkarahisar,1306,Emirdağ,[31.3046053153599, 39.0102490047252],afyonkarahisar-emirdag
3,Afyonkarahisar,1404,İhsaniye,[30.4588082160653, 39.0474709415603],afyonkarahisar-ihsaniye
3,Afyonkarahisar,1594,Sandıklı,[30.1801538091546, 38.462678388357],afyonkarahisar-sandikli
3,Afyonkarahisar,1626,Sinanpaşa,[30.2410426719939, 38.7483816762375],afyonkarahisar-sinanpasa
3,Afyonkarahisar,1639,Sultandağı,[31.3638631292479, 38.6220737673404],afyonkarahisar-sultandagi
3,Afyonkarahisar,1664,Şuhut,[30.582337631334, 38.4533440197856],afyonkarahisar-suhut
3,Afyonkarahisar,1771,Başmakçı,[30.0118418316427, 37.8725342087136],afyonkarahisar-basmakci
3,Afyonkarahisar,1773,Bayat,[30.9129093670735, 39.0042679775138],afyonkarahisar-bayat
3,Afyonkarahisar,1809,İscehisar,[30.7630017284697, 38.920386809187],afyonkarahisar-iscehisar
3,Afyonkarahisar,1906,Çobanlar,[30.843914336927, 38.7397216091288],afyonkarahisar-cobanlar
3,Afyonkarahisar,1923,Evciler,[29.9260689229279, 38.0520712991219],afyonkarahisar-evciler
3,Afyonkarahisar,1944,Hocalar,[29.963321593307, 38.6030640138191],afyonkarahisar-hocalar
3,Afyonkarahisar,1961,Kızılören,[30.1664979861673, 38.2570079723376],afyonkarahisar-kiziloren
4,Ağrı,1111,Ağrı Merkez,[43.1460343091888, 39.8060668471853],agri-agri-merkez
4,Ağrı,1283,Diyadin,[43.6243754328766, 39.4378828543144],agri-diyadin
4,Ağrı,1287,Doğubayazıt,[44.0601092980836, 39.5734689871156],agri-dogubayazit
4,Ağrı,1301,Eleşkirt,[42.6390312111159, 39.8140554203246],agri-eleskirt
4,Ağrı,1379,Hamur,[43.0802577810415, 39.4638688686823],agri-hamur
4,Ağrı,1568,Patnos,[42.8900915868116, 39.1684989091296],agri-patnos
4,Ağrı,1667,Taşlıçay,[43.4052205513582, 39.623311476826],agri-taslicay
4,Ağrı,1691,Tutak,[42.6996624514655, 39.5090041150701],agri-tutak
5,Amasya,1134,Amasya Merkez,[35.8791745345713, 40.6151087841304],amasya-amasya-merkez
5,Amasya,1363,Göynücek,[35.5331247097016, 40.3972543343019],amasya-goynucek
5,Amasya,1368,Gümüşhacıköy,[35.1914425012222, 40.8982438780623],amasya-gumushacikoy
5,Amasya,1524,Merzifon,[35.4297063597943, 40.8329665391151],amasya-merzifon
5,Amasya,1641,Suluova,[35.7015287420367, 40.7912853512459],amasya-suluova
5,Amasya,1668,Taşova,[36.2587906141199, 40.7883587133997],amasya-tasova
5,Amasya,1938,Hamamözü,[35.071162194622, 40.7884816202107],amasya-hamamozu
6,Ankara,1130,Altındağ,[32.9788647317967, 39.9993854982744],ankara-altindag
6,Ankara,1157,Ayaş,[32.2807430934304, 40.0124629002413],ankara-ayas
6,Ankara,1167,Bala,[33.175164061879, 39.4533939078988],ankara-bala
6,Ankara,1187,Beypazarı,[31.9177421841502, 40.1456903096528],ankara-beypazari
6,Ankara,1227,Çamlıdere,[32.3508590053003, 40.4736744051439],ankara-camlidere
6,Ankara,1231,Çankaya,[32.8869244611336, 39.8145074386206],ankara-cankaya
6,Ankara,1260,Çubuk,[33.0321183598385, 40.3139658710641],ankara-cubuk
6,Ankara,1302,Elmadağ,[33.22103902021, 39.8898828772083],ankara-elmadag
6,Ankara,1365,Güdül,[32.231329307404, 40.2299034645453],ankara-gudul
6,Ankara,1387,Haymana,[32.5378637983594, 39.2879283484167],ankara-haymana
6,Ankara,1427,Kalecik,[33.4331371608274, 40.1956517894519],ankara-kalecik
6,Ankara,1473,Kızılcahamam,[32.6436610807991, 40.4821969959336],ankara-kizilcahamam
6,Ankara,1539,Nallıhan,[31.3224053993441, 40.1750538433158],ankara-nallihan
6,Ankara,1578,Polatlı,[32.1154486942216, 39.4556849982086],ankara-polatli
6,Ankara,1658,Şereflikoçhisar,[33.49736416075, 38.9732083445587],ankara-sereflikochisar
6,Ankara,1723,Yenimahalle,[32.7262146911625, 40.0126163877888],ankara-yenimahalle
6,Ankara,1744,Gölbaşı,[32.7865722395387, 39.5767058176591],ankara-golbasi
6,Ankara,1745,Keçiören,[32.8289302950827, 40.0656839899633],ankara-kecioren
6,Ankara,1746,Mamak,[33.0334412875748, 39.9031815035928],ankara-mamak
6,Ankara,1747,Sincan,[32.4507994356329, 39.8489884789535],ankara-sincan
6,Ankara,1815,Kahramankazan,[32.6716043699491, 40.1968784821595],ankara-kahramankazan
6,Ankara,1922,Etimesgut,[32.6117148952133, 39.8594796954415],ankara-etimesgut
6,Ankara,1924,Evren,[33.7355143274156, 39.0406043931702],ankara-evren
6,Ankara,2034,Pursaklar,[32.8888003312664, 40.1073349635682],ankara-pursaklar
6,Ankara,9994,Ankara Il Geneli,,Ankara Il Geneli
7,Antalya,1121,Akseki,[31.8304281753231, 37.0629177849307],antalya-akseki
7,Antalya,1126,Alanya,[32.1215520561216, 36.5977268271746],antalya-alanya
7,Antalya,1303,Elmalı,[29.9314049075178, 36.7145536062059],antalya-elmali
7,Antalya,1333,Finike,[30.0729679308268, 36.4454285896491],antalya-finike
7,Antalya,1337,Gazipaşa,[32.4627316714707, 36.3097830314242],antalya-gazipasa
7,Antalya,1370,Gündoğmuş,[32.122707046957, 36.7949796996823],antalya-gundogmus
7,Antalya,1451,Kaş,[29.6168536030107, 36.3671131054275],antalya-kas
7,Antalya,1483,Korkuteli,[30.1633684242687, 37.0638912932028],antalya-korkuteli
7,Antalya,1492,Kumluca,[30.3143154289163, 36.5189108468659],antalya-kumluca
7,Antalya,1512,Manavgat,[31.3604968057821, 37.0283126611177],antalya-manavgat
7,Antalya,1616,Serik,[31.0190968200957, 37.0855668336294],antalya-serik
7,Antalya,1811,Demre,[29.9401223274661, 36.2897782569674],antalya-demre
7,Antalya,1946,İbradı,[31.5074452095757, 37.1445425388067],antalya-ibradi
7,Antalya,1959,Kemer,[30.4819603062414, 36.5739393322056],antalya-kemer
7,Antalya,2035,Aksu,[30.8451198605935, 37.026280867794],antalya-aksu
7,Antalya,2036,Döşemealtı,[30.5738252881873, 37.1272687112265],antalya-dosemealti
7,Antalya,2037,Kepez,[30.7127760400719, 37.0186040331838],antalya-kepez
7,Antalya,2038,Konyaaltı,[30.4737791137473, 36.8307490330108],antalya-konyaalti
7,Antalya,2039,Muratpaşa,[30.7677922210401, 36.8821878660451],antalya-muratpasa
7,Antalya,9993,Antalya Il Geneli,,Antalya Il Geneli
8,Artvin,1145,Ardanuç,[42.150011396775, 41.0728217841245],artvin-ardanuc
8,Artvin,1147,Arhavi,[41.3838876623748, 41.2564166610489],artvin-arhavi
8,Artvin,1152,Artvin Merkez,[41.8614896461459, 41.1742955766459],artvin-artvin-merkez
8,Artvin,1202,Borçka,[41.8104824112174, 41.3993772396996],artvin-borcka
8,Artvin,1395,Hopa,[41.4590425222279, 41.385912610392],artvin-hopa
8,Artvin,1653,Şavşat,[42.3358144602699, 41.315982118378],artvin-savsat
8,Artvin,1736,Yusufeli,[41.5346941612857, 40.8627625006746],artvin-yusufeli
8,Artvin,9992,Artvin Il Geneli,,Artvin Il Geneli
9,Aydın,1206,Bozdoğan,[28.4017565500647, 37.6359711736194],aydin-bozdogan
9,Aydın,1256,Çine,[28.054338896891, 37.6049825556776],aydin-cine
9,Aydın,1348,Germencik,[27.5685457223457, 37.8998507193137],aydin-germencik
9,Aydın,1435,Karacasu,[28.6516284965078, 37.7173115756909],aydin-karacasu
9,Aydın,1479,Koçarlı,[27.6959569740582, 37.6857618840286],aydin-kocarli
9,Aydın,1497,Kuşadası,[27.2583653194667, 37.7576712464826],aydin-kusadasi
9,Aydın,1498,Kuyucak,[28.5837554350075, 37.9555552400328],aydin-kuyucak
9,Aydın,1542,Nazilli,[28.3770512565825, 37.9432414203884],aydin-nazilli
9,Aydın,1637,Söke,[27.4272203209032, 37.6436728623362],aydin-soke
9,Aydın,1640,Sultanhisar,[28.1755504827129, 37.9311568957032],aydin-sultanhisar
9,Aydın,1724,Yenipazar,[28.192484131845, 37.7877538816935],aydin-yenipazar
9,Aydın,1807,İncirliova,[27.7269731355261, 37.8828983440982],aydin-incirliova
9,Aydın,1957,Karpuzlu,[27.8247407558064, 37.5571726548314],aydin-karpuzlu
9,Aydın,1968,Köşk,[28.062102841867, 37.9311972785248],aydin-kosk
9,Aydın,2000,Didim,[27.3141871719349, 37.4489844807409],aydin-didim
9,Aydın,2076,Efeler,[27.9168939889586, 37.8533323297258],aydin-efeler
9,Aydın,9991,Aydın Il Geneli,,Aydın Il Geneli
10,Balıkesir,1161,Ayvalık,[26.7741439871096, 39.2893125339651],balikesir-ayvalik
10,Balıkesir,1169,Balya,[27.5935643911655, 39.8013001066933],balikesir-balya
10,Balıkesir,1171,Bandırma,[27.9839474243232, 40.2764975031568],balikesir-bandirma
10,Balıkesir,1191,Bigadiç,[28.2683274053334, 39.4231450820888],balikesir-bigadic
10,Balıkesir,1216,Burhaniye,[27.0214847374682, 39.4318518558869],balikesir-burhaniye
10,Balıkesir,1291,Dursunbey,[28.6576177305083, 39.5477518766676],balikesir-dursunbey
10,Balıkesir,1294,Edremit,[26.9000128311625, 39.6548373846932],balikesir-edremit
10,Balıkesir,1310,Erdek,[27.8373427981597, 40.4611390767595],balikesir-erdek
10,Balıkesir,1360,Gönen,[27.6214245651551, 40.1213620257228],balikesir-gonen
10,Balıkesir,1384,Havran,[27.1932778430424, 39.5910207297855],balikesir-havran
10,Balıkesir,1418,İvrindi,[27.4170055515308, 39.5179574131152],balikesir-ivrindi
10,Balıkesir,1462,Kepsut,[28.2679860234748, 39.6934745927678],balikesir-kepsut
10,Balıkesir,1514,Manyas,[27.9337443832579, 40.0525924624997],balikesir-manyas
10,Balıkesir,1608,Savaştepe,[27.6613382292655, 39.4248574629505],balikesir-savastepe
10,Balıkesir,1619,Sındırgı,[28.2975536414548, 39.2356797410719],balikesir-sindirgi
10,Balıkesir,1644,Susurluk,[28.1462142226316, 39.907486074872],balikesir-susurluk
10,Balıkesir,1824,Marmara,[27.601827221439, 40.6027500807868],balikesir-marmara
10,Balıkesir,1928,Gömeç,[26.8717882175493, 39.3708085028546],balikesir-gomec
10,Balıkesir,2077,Altıeylül,[27.8859421937115, 39.5529765998772],balikesir-altieylul
10,Balıkesir,2078,Karesi,[27.8496349681289, 39.7741928851203],balikesir-karesi
10,Balıkesir,9990,Balıkesir Il Geneli,,Balıkesir Il Geneli
11,Bilecik,1192,Bilecik Merkez,[29.9545967442875, 40.1632918238443],bilecik-bilecik-merkez
11,Bilecik,1210,Bozüyük,[29.9453642168937, 39.8396017629916],bilecik-bozuyuk
11,Bilecik,1359,Gölpazarı,[30.306686867844, 40.2589896637282],bilecik-golpazari
11,Bilecik,1559,Osmaneli,[29.9884974698687, 40.3789487052529],bilecik-osmaneli
11,Bilecik,1571,Pazaryeri,[29.8664593910285, 40.0101889827243],bilecik-pazaryeri
11,Bilecik,1636,Söğüt,[30.2147669539837, 40.0148841343577],bilecik-sogut
11,Bilecik,1857,Yenipazar,[30.5156751063366, 40.1930389806657],bilecik-yenipazar
11,Bilecik,1948,İnhisar,[30.4151171997934, 40.06800796044],bilecik-inhisar
12,Bingöl,1193,Bingöl Merkez,[40.5058524125251, 38.9409793417647],bingol-bingol-merkez
12,Bingöl,1344,Genç,[40.5918737417801, 38.6787795973531],bingol-genc
12,Bingöl,1446,Karlıova,[40.9524475810052, 39.2583466355274],bingol-karliova
12,Bingöl,1475,Kiğı,[40.2941095358731, 39.296390908719],bingol-kigi
12,Bingöl,1633,Solhan,[41.0140806718494, 38.9218595689232],bingol-solhan
12,Bingöl,1750,Adaklı,[40.565174752323, 39.2221096538147],bingol-adakli
12,Bingöl,1855,Yayladere,[40.0659000207074, 39.2089132422024],bingol-yayladere
12,Bingöl,1996,Yedisu,[40.4937183688626, 39.4402357719964],bingol-yedisu
13,Bitlis,1106,Adilcevaz,[42.8742364780952, 38.7899669298551],bitlis-adilcevaz
13,Bitlis,1112,Ahlat,[42.3683819337633, 38.7928952407661],bitlis-ahlat
13,Bitlis,1196,Bitlis Merkez,[42.0983939897526, 38.3243278373156],bitlis-bitlis-merkez
13,Bitlis,1394,Hizan,[42.5085081490418, 38.1618418000014],bitlis-hizan
13,Bitlis,1537,Mutki,[41.763679928924, 38.4449075646154],bitlis-mutki
13,Bitlis,1669,Tatvan,[42.5080438692514, 38.4952891023319],bitlis-tatvan
13,Bitlis,1798,Güroymak,[42.0753643679847, 38.5886364008676],bitlis-guroymak
14,Bolu,1346,Gerede,[32.3183955731329, 40.717538663979],bolu-gerede
14,Bolu,1364,Göynük,[30.8129487929117, 40.3340528906807],bolu-goynuk
14,Bolu,1466,Kıbrıscık,[31.9025512529686, 40.4531790511588],bolu-kibriscik
14,Bolu,1522,Mengen,[32.0577527356763, 40.9274689540136],bolu-mengen
14,Bolu,1531,Mudurnu,[31.1778027867787, 40.5038271527923],bolu-mudurnu
14,Bolu,1610,Seben,[31.5830105474216, 40.4221808732635],bolu-seben
14,Bolu,1916,Dörtdivan,[32.0353434065746, 40.6452007573307],bolu-dortdivan
14,Bolu,1997,Yeniçağa,[32.027830470287, 40.7999118144096],bolu-yenicaga
14,Bolu,9986,Bolu Il Geneli,,Bolu Il Geneli
15,Burdur,1109,Ağlasun,[30.6056901244612, 37.6157723456802],burdur-aglasun
15,Burdur,1211,Bucak,[30.6104314221536, 37.3827260558878],burdur-bucak
15,Burdur,1215,Burdur Merkez,[30.2051521674471, 37.6241253572072],burdur-burdur-merkez
15,Burdur,1357,Gölhisar,[29.4898180840808, 37.0879640188301],burdur-golhisar
15,Burdur,1672,Tefenni,[29.7820945753736, 37.2647719569288],burdur-tefenni
15,Burdur,1728,Yeşilova,[29.7803121526307, 37.5825856595923],burdur-yesilova
15,Burdur,1813,Karamanlı,[29.8679330363836, 37.3863010083107],burdur-karamanli
15,Burdur,1816,Kemer,[30.0740822470466, 37.376035013628],burdur-kemer
15,Burdur,1874,Altınyayla,[29.4898632294984, 36.9441763849449],burdur-altinyayla
15,Burdur,1899,Çavdır,[29.7028527853851, 37.1099432609963],burdur-cavdir
15,Burdur,1903,Çeltikçi,[30.4484222717217, 37.5342434357822],burdur-celtikci
16,Bursa,1343,Gemlik,[29.1565729544545, 40.4433005715982],bursa-gemlik
16,Bursa,1411,İnegöl,[29.5401457618362, 40.0238851828985],bursa-inegol
16,Bursa,1420,İznik,[29.704249969775, 40.473748915308],bursa-iznik
16,Bursa,1434,Karacabey,[28.3707594958411, 40.2481315521804],bursa-karacabey
16,Bursa,1457,Keles,[29.2578305810624, 39.887770969771],bursa-keles
16,Bursa,1530,Mudanya,[28.7722646894498, 40.3287536217133],bursa-mudanya
16,Bursa,1535,Mustafakemalpaşa,[28.5188181484758, 39.977552457628],bursa-mustafakemalpasa
16,Bursa,1553,Orhaneli,[28.9400400704456, 39.9242260645066],bursa-orhaneli
16,Bursa,1554,Orhangazi,[29.3789766776357, 40.4554624575643],bursa-orhangazi
16,Bursa,1725,Yenişehir,[29.6294775981513, 40.2674711756354],bursa-yenisehir
16,Bursa,1783,Büyükorhan,[28.8614811125553, 39.7343201772577],bursa-buyukorhan
16,Bursa,1799,Harmancık,[29.1211855005963, 39.6827881077422],bursa-harmancik
16,Bursa,1829,Nilüfer,[28.8206202022691, 40.1812953585765],bursa-nilufer
16,Bursa,1832,Osmangazi,[29.0197966932115, 40.1637495],bursa-osmangazi
16,Bursa,1859,Yıldırım,[29.1360605706836, 40.1790406455017],bursa-yildirim
16,Bursa,1935,Gürsu,[29.2208201927585, 40.2690715978765],bursa-gursu
16,Bursa,1960,Kestel,[29.3158538078913, 40.1849752384009],bursa-kestel
17,Çanakkale,1160,Ayvacık,[26.3744905798158, 39.5815645392677],canakkale-ayvacik
17,Çanakkale,1180,Bayramiç,[26.6711848008187, 39.8332809856993],canakkale-bayramic
17,Çanakkale,1190,Biga,[27.2038220281645, 40.2608205017137],canakkale-biga
17,Çanakkale,1205,Bozcaada,[26.0327592058015, 39.8221507694183],canakkale-bozcaada
17,Çanakkale,1229,Çan,[26.9817026195447, 40.0067344675048],canakkale-can
17,Çanakkale,1230,Çanakkale Merkez,[26.5098372830433, 40.0545415825854],canakkale-canakkale-merkez
17,Çanakkale,1293,Eceabat,[26.3224335835725, 40.2251228073527],canakkale-eceabat
17,Çanakkale,1326,Ezine,[26.2946879261349, 39.792888755248],canakkale-ezine
17,Çanakkale,1340,Gelibolu,[26.7670431577907, 40.5070445],canakkale-gelibolu
17,Çanakkale,1503,Lapseki,[26.7982039534221, 40.2716049731768],canakkale-lapseki
17,Çanakkale,1722,Yenice,[27.2800779070391, 39.8869904674044],canakkale-yenice
17,Çanakkale,9983,Çanakkale Il Geneli,,Çanakkale Il Geneli
18,Çankırı,1232,Çankırı Merkez,[33.7724673623176, 40.5408025493483],cankiri-cankiri-merkez
18,Çankırı,1248,Çerkeş,[32.85668760531, 40.8067420049475],cankiri-cerkes
18,Çankırı,1300,Eldivan,[33.4963606815441, 40.4983992029236],cankiri-eldivan
18,Çankırı,1399,Ilgaz,[33.6074283275693, 40.930206329705],cankiri-ilgaz
18,Çankırı,1494,Kurşunlu,[33.2858871801121, 40.8098380857008],cankiri-kursunlu
18,Çankırı,1555,Orta,[33.0841698080952, 40.5992683723253],cankiri-orta
18,Çankırı,1649,Şabanözü,[33.2973975884395, 40.4665011232738],cankiri-sabanozu
18,Çankırı,1718,Yapraklı,[33.9009136820906, 40.7325093319831],cankiri-yaprakli
18,Çankırı,1765,Atkaracalar,[33.0931641317124, 40.8292102168573],cankiri-atkaracalar
18,Çankırı,1817,Kızılırmak,[33.9665541754552, 40.380978855646],cankiri-kizilirmak
18,Çankırı,1885,Bayramören,[33.1796318560476, 40.9891290192787],cankiri-bayramoren
18,Çankırı,1963,Korgun,[33.4586162498497, 40.7058239768456],cankiri-korgun
19,Çorum,1124,Alaca,[34.900707805443, 40.1556587921241],corum-alaca
19,Çorum,1177,Bayat,[34.2121793139542, 40.6455344394028],corum-bayat
19,Çorum,1259,Çorum Merkez,[34.8626328377126, 40.5052320068637],corum-corum-merkez
19,Çorum,1414,İskilip,[34.4396488041077, 40.7802799832348],corum-iskilip
19,Çorum,1445,Kargı,[34.4981070106169, 41.1618871111131],corum-kargi
19,Çorum,1520,Mecitözü,[35.2979973141205, 40.5105203432661],corum-mecitozu
19,Çorum,1556,Ortaköy,[35.2516934758553, 40.2838998536964],corum-ortakoy
19,Çorum,1558,Osmancık,[34.8088535471636, 41.0135132028176],corum-osmancik
19,Çorum,1642,Sungurlu,[34.3081851302589, 40.2069432539956],corum-sungurlu
19,Çorum,1778,Boğazkale,[34.5659732096928, 40.0369594501308],corum-bogazkale
19,Çorum,1850,Uğurludağ,[34.413405459772, 40.4718581239465],corum-ugurludag
19,Çorum,1911,Dodurga,[34.7382659831346, 40.8457371285738],corum-dodurga
19,Çorum,1972,Laçin,[34.9161207637838, 40.7935642846355],corum-lacin
19,Çorum,9981,Çorum Il Geneli,,Çorum Il Geneli
20,Denizli,1102,Acıpayam,[29.3368370012677, 37.3321811312751],denizli-acipayam
20,Denizli,1214,Buldan,[28.836247731918, 38.0911998410867],denizli-buldan
20,Denizli,1224,Çal,[29.3768318805448, 38.0532592145628],denizli-cal
20,Denizli,1226,Çameli,[29.2758286392058, 37.0316384734237],denizli-cameli
20,Denizli,1233,Çardak,[29.6831136208423, 37.7340025545635],denizli-cardak
20,Denizli,1257,Çivril,[29.8063892564444, 38.2494239940027],denizli-civril
20,Denizli,1371,Güney,[29.0483828220449, 38.160728102392],denizli-guney
20,Denizli,1426,Kale,[28.7854324769523, 37.4279665581823],denizli-kale
20,Denizli,1597,Sarayköy,[28.8789913060453, 37.914645432519],denizli-saraykoy
20,Denizli,1670,Tavas,[29.028596192262, 37.5008344322197],denizli-tavas
20,Denizli,1769,Babadağ,[28.8775101402691, 37.8103847955654],denizli-babadag
20,Denizli,1774,Bekilli,[29.4197617512084, 38.2460793338679],denizli-bekilli
20,Denizli,1803,Honaz,[29.3625956672128, 37.7625841326225],denizli-honaz
20,Denizli,1840,Serinhisar,[29.3071273057758, 37.6036192202714],denizli-serinhisar
20,Denizli,1871,Pamukkale,[29.1541818847184, 37.9014458148383],denizli-pamukkale
20,Denizli,1881,Baklan,[29.5826055785448, 38.0179423311771],denizli-baklan
20,Denizli,1888,Beyağaç,[28.8773106207089, 37.2155638412379],denizli-beyagac
20,Denizli,1889,Bozkurt,[29.5774559032949, 37.8323852211088],denizli-bozkurt
20,Denizli,2079,Merkezefendi,[29.0164536682651, 37.8095265977514],denizli-merkezefendi
20,Denizli,9980,Denizli Il Geneli,,Denizli Il Geneli
21,Diyarbakır,1195,Bismil,[40.7594505053528, 37.8642471019476],diyarbakir-bismil
21,Diyarbakır,1249,Çermik,[39.4364192660181, 38.0582326243136],diyarbakir-cermik
21,Diyarbakır,1253,Çınar,[40.2260170452397, 37.6697031909055],diyarbakir-cinar
21,Diyarbakır,1263,Çüngüş,[39.313372814721, 38.2437756628213],diyarbakir-cungus
21,Diyarbakır,1278,Dicle,[40.1358693853304, 38.3526139471684],diyarbakir-dicle
21,Diyarbakır,1315,Ergani,[39.7432212106246, 38.1137553667571],diyarbakir-ergani
21,Diyarbakır,1381,Hani,[40.3903732074636, 38.4136218331517],diyarbakir-hani
21,Diyarbakır,1389,Hazro,[40.7457435017382, 38.2329340846284],diyarbakir-hazro
21,Diyarbakır,1490,Kulp,[41.0785237006166, 38.4984613021082],diyarbakir-kulp
21,Diyarbakır,1504,Lice,[40.665413067617, 38.4548568819802],diyarbakir-lice
21,Diyarbakır,1624,Silvan,[40.9666358421272, 38.1284406166323],diyarbakir-silvan
21,Diyarbakır,1791,Eğil,[40.0947636739372, 38.199285322305],diyarbakir-egil
21,Diyarbakır,1962,Kocaköy,[40.5207155475205, 38.2553641554178],diyarbakir-kocakoy
21,Diyarbakır,2040,Bağlar,[40.0141196843679, 37.8283697661079],diyarbakir-baglar
21,Diyarbakır,2041,Kayapınar,[39.9837226336249, 37.980141859113],diyarbakir-kayapinar
21,Diyarbakır,9979,Diyarbakır Il Geneli,,Diyarbakır Il Geneli
22,Edirne,1295,Edirne Merkez,[26.5813089962509, 41.6964859381002],edirne-edirne-merkez
22,Edirne,1307,Enez,[26.2081878355415, 40.6890436381414],edirne-enez
22,Edirne,1385,Havsa,[26.82676683726, 41.5606280619046],edirne-havsa
22,Edirne,1412,İpsala,[26.407154458957, 40.9092819437701],edirne-ipsala
22,Edirne,1464,Keşan,[26.5877518830243, 40.7873979047757],edirne-kesan
22,Edirne,1502,Lalapaşa,[26.7670570533257, 41.8939008757412],edirne-lalapasa
22,Edirne,1523,Meriç,[26.4343337548035, 41.1857751630064],edirne-meric
22,Edirne,1705,Uzunköprü,[26.7260836187149, 41.238379915176],edirne-uzunkopru
22,Edirne,9978,Edirne Il Geneli,,Edirne Il Geneli
23,Elazığ,1110,Ağın,[38.6714911241346, 38.9467003965879],elazig-agin
23,Elazığ,1173,Baskil,[38.6545632120554, 38.5601396876651],elazig-baskil
23,Elazığ,1298,Elazığ Merkez,[39.2112917191047, 38.6639009293823],elazig-elazig-merkez
23,Elazığ,1438,Karakoçan,[40.0613564753196, 38.9970882071423],elazig-karakocan
23,Elazığ,1455,Keban,[38.7557724309762, 38.7629877451325],elazig-keban
23,Elazığ,1506,Maden,[39.5803238493625, 38.4230684485048],elazig-maden
23,Elazığ,1566,Palu,[40.047939686666, 38.6851850327414],elazig-palu
23,Elazığ,1631,Sivrice,[39.185239796932, 38.4070831593408],elazig-sivrice
23,Elazığ,1762,Arıcak,[40.1235225596799, 38.5246300800507],elazig-aricak
23,Elazığ,1820,Kovancılar,[39.8048277773567, 38.7598864135292],elazig-kovancilar
23,Elazığ,1873,Alacakaya,[39.8682998172034, 38.47962322806],elazig-alacakaya
24,Erzincan,1243,Çayırlı,[39.9660133532267, 39.8488482113232],erzincan-cayirli
24,Erzincan,1318,Erzincan Merkez,[39.4547840937431, 39.728220316112],erzincan-erzincan-merkez
24,Erzincan,1406,İliç,[38.5536231027228, 39.5315517986974],erzincan-ilic
24,Erzincan,1459,Kemah,[39.0411508606034, 39.601543265584],erzincan-kemah
24,Erzincan,1460,Kemaliye,[38.5851712882212, 39.223272114391],erzincan-kemaliye
24,Erzincan,1583,Refahiye,[38.7568240889252, 39.887843855365],erzincan-refahiye
24,Erzincan,1675,Tercan,[40.3783702555755, 39.7109018083387],erzincan-tercan
24,Erzincan,1853,Üzümlü,[39.8597686564668, 39.6686339890166],erzincan-uzumlu
24,Erzincan,1977,Otlukbeli,[40.0565887269064, 39.9966098192075],erzincan-otlukbeli
25,Erzurum,1153,Aşkale,[40.6686651782103, 39.9033126479522],erzurum-askale
25,Erzurum,1235,Çat,[40.9311163728417, 39.5870349753511],erzurum-cat
25,Erzurum,1392,Hınıs,[41.6946675945704, 39.356463966676],erzurum-hinis
25,Erzurum,1396,Horasan,[42.2095378727427, 40.0355531814809],erzurum-horasan
25,Erzurum,1416,İspir,[41.0238899978837, 40.5210666132163],erzurum-ispir
25,Erzurum,1444,Karayazı,[42.1326996397724, 39.630508639008],erzurum-karayazi
25,Erzurum,1540,Narman,[41.8896389226985, 40.2966632615919],erzurum-narman
25,Erzurum,1550,Oltu,[41.9572654584313, 40.5558626620083],erzurum-oltu
25,Erzurum,1551,Olur,[42.0995136165659, 40.8476112071688],erzurum-olur
25,Erzurum,1567,Pasinler,[41.6374640411603, 39.9884068434968],erzurum-pasinler
25,Erzurum,1657,Şenkaya,[42.3712471737, 40.5969002022039],erzurum-senkaya
25,Erzurum,1674,Tekman,[41.4370750218136, 39.5974459989762],erzurum-tekman
25,Erzurum,1683,Tortum,[41.4243148585067, 40.3606208345028],erzurum-tortum
25,Erzurum,1812,Karaçoban,[42.0511974054028, 39.3433210182572],erzurum-karacoban
25,Erzurum,1851,Uzundere,[41.6140348818536, 40.5791496806178],erzurum-uzundere
25,Erzurum,1865,Pazaryolu,[40.682054083237, 40.4238787915036],erzurum-pazaryolu
25,Erzurum,1945,Aziziye,[40.9866838928665, 40.0958298006938],erzurum-aziziye
25,Erzurum,1967,Köprüköy,[41.8855611764747, 39.8842484181519],erzurum-koprukoy
25,Erzurum,2045,Yakutiye,[41.3059688960142, 40.0761895208126],erzurum-yakutiye
25,Erzurum,9975,Erzurum Il Geneli,,Erzurum Il Geneli
26,Eskişehir,1255,Çifteler,[31.0771836950276, 39.3257931328053],eskisehir-cifteler
26,Eskişehir,1508,Mahmudiye,[30.9788903026143, 39.5330428408681],eskisehir-mahmudiye
26,Eskişehir,1527,Mihalıççık,[31.5072606136024, 39.8724154992161],eskisehir-mihaliccik
26,Eskişehir,1599,Sarıcakaya,[30.7282353462909, 40.0512660443984],eskisehir-saricakaya
26,Eskişehir,1618,Seyitgazi,[30.6235506139926, 39.3710052053568],eskisehir-seyitgazi
26,Eskişehir,1632,Sivrihisar,[31.5412897910011, 39.4042358531205],eskisehir-sivrihisar
26,Eskişehir,1759,Alpu,[31.0147260036575, 39.8366077287723],eskisehir-alpu
26,Eskişehir,1777,Beylikova,[31.2557335238335, 39.7164447166877],eskisehir-beylikova
26,Eskişehir,1808,İnönü,[30.1259978572914, 39.7651118835241],eskisehir-inonu
26,Eskişehir,1934,Günyüzü,[31.8548655335293, 39.3392767292627],eskisehir-gunyuzu
26,Eskişehir,1939,Han,[30.8040371367715, 39.1805449748859],eskisehir-han
26,Eskişehir,1973,Mihalgazi,[30.5631893093207, 40.0117290428499],eskisehir-mihalgazi
26,Eskişehir,2046,Odunpazarı,[30.5804144942683, 39.6538070605822],eskisehir-odunpazari
26,Eskişehir,2047,Tepebaşı,[30.5277827282309, 39.8472182088056],eskisehir-tepebasi
27,Gaziantep,1415,İslahiye,[36.6873576203952, 36.9779029737806],gaziantep-islahiye
27,Gaziantep,1546,Nizip,[37.7753293567442, 37.0513824763512],gaziantep-nizip
27,Gaziantep,1549,Oğuzeli,[37.5640853145805, 36.8652703413684],gaziantep-oguzeli
27,Gaziantep,1720,Yavuzeli,[37.6387539995182, 37.3167625190377],gaziantep-yavuzeli
27,Gaziantep,1841,Şahinbey,[37.2511099642179, 36.9732574421872],gaziantep-sahinbey
27,Gaziantep,1844,Şehitkamil,[37.3678392679421, 37.1759176560881],gaziantep-sehitkamil
27,Gaziantep,1956,Karkamış,[37.8956970110845, 36.8542797851327],gaziantep-karkamis
27,Gaziantep,1974,Nurdağı,[36.872906916353, 37.1580606217739],gaziantep-nurdagi
27,Gaziantep,9973,Gaziantep Il Geneli,,Gaziantep Il Geneli
28,Giresun,1133,Alucra,[38.7963407199354, 40.371812447899],giresun-alucra
28,Giresun,1212,Bulancak,[38.1413072427377, 40.7278634200668],giresun-bulancak
28,Giresun,1272,Dereli,[38.3894095635353, 40.6139015341378],giresun-dereli
28,Giresun,1320,Espiye,[38.7383586480526, 40.7660106809245],giresun-espiye
28,Giresun,1324,Eynesil,[39.130407726206, 41.0180487220077],giresun-eynesil
28,Giresun,1352,Giresun Merkez,[38.3607299365061, 40.8172255708501],giresun-giresun-merkez
28,Giresun,1361,Görele,[39.030233277814, 40.9529310085357],giresun-gorele
28,Giresun,1465,Keşap,[38.5569052908024, 40.8534746048966],giresun-kesap
28,Giresun,1654,Şebinkarahisar,[38.4082646024534, 40.3311033433427],giresun-sebinkarahisar
28,Giresun,1678,Tirebolu,[38.8684781687717, 40.929519766439],giresun-tirebolu
28,Giresun,1837,Piraziz,[38.0843091874909, 40.8693285725994],giresun-piraziz
28,Giresun,1854,Yağlıdere,[38.6312375309756, 40.6899800408112],giresun-yaglidere
28,Giresun,1893,Çamoluk,[38.7521209432093, 40.1394458459453],giresun-camoluk
28,Giresun,1894,Çanakçı,[39.0544410317318, 40.8715654961792],giresun-canakci
28,Giresun,1912,Doğankent,[38.9377093236843, 40.7848264472436],giresun-dogankent
28,Giresun,1930,Güce,[38.8366271854106, 40.7594707334688],giresun-guce
29,Gümüşhane,1369,Gümüşhane Merkez,[39.6569357118604, 40.4596236925867],gumushane-gumushane-merkez
29,Gümüşhane,1458,Kelkit,[39.4463402923296, 40.0495743840193],gumushane-kelkit
29,Gümüşhane,1660,Şiran,[39.0916545821565, 40.1830001507102],gumushane-siran
29,Gümüşhane,1684,Torul,[39.2408604579832, 40.5064099537184],gumushane-torul
29,Gümüşhane,1822,Köse,[39.6993266634268, 40.2216676025078],gumushane-kose
29,Gümüşhane,1971,Kürtün,[39.0098864975638, 40.6350052284679],gumushane-kurtun
30,Hakkari,1261,Çukurca,[43.6690632608433, 37.3101271548747],hakkari-cukurca
30,Hakkari,1377,Hakkari Merkez,[43.6904808797546, 37.5668247410126],hakkari-hakkari-merkez
30,Hakkari,1656,Şemdinli,[44.5179601759403, 37.2949675796782],hakkari-semdinli
30,Hakkari,1737,Yüksekova,[44.2557806243005, 37.5573784386349],hakkari-yuksekova
30,Hakkari,9970,Hakkari Il Geneli,,Hakkari Il Geneli
31,Hatay,1131,Altınözü,[36.2776142341853, 36.0850061483334],hatay-altinozu
31,Hatay,1289,Dörtyol,[36.2817410273076, 36.8631786244786],hatay-dortyol
31,Hatay,1382,Hassa,[36.4976951715866, 36.7660564361247],hatay-hassa
31,Hatay,1413,İskenderun,[36.2487672783435, 36.6173589363203],hatay-iskenderun
31,Hatay,1468,Kırıkhan,[36.4221573022134, 36.5259439281894],hatay-kirikhan
31,Hatay,1585,Reyhanlı,[36.5035595038507, 36.2832999046034],hatay-reyhanli
31,Hatay,1591,Samandağ,[35.9673533163336, 36.1810025386232],hatay-samandag
31,Hatay,1721,Yayladağı,[36.0890155843287, 35.9722435066715],hatay-yayladagi
31,Hatay,1792,Erzin,[36.1538653858035, 36.9551582001125],hatay-erzin
31,Hatay,1887,Belen,[36.1807189147958, 36.4481965438754],hatay-belen
31,Hatay,1970,Kumlu,[36.4727377720957, 36.3753436614262],hatay-kumlu
31,Hatay,2081,Arsuz,[35.9758862270101, 36.3933685326933],hatay-arsuz
31,Hatay,2082,Defne,[36.106981631615, 36.1563820463742],hatay-defne
31,Hatay,2083,Payas,[36.2720360579293, 36.7514139067326],hatay-payas
31,Hatay,9969,Hatay Il Geneli,,Hatay Il Geneli
32,Isparta,1154,Atabey,[30.6554263349887, 37.9780570841187],isparta-atabey
32,Isparta,1297,Eğirdir,[30.9102030481344, 37.8471460619621],isparta-egirdir
32,Isparta,1341,Gelendost,[31.0239538738912, 38.0977971936737],isparta-gelendost
32,Isparta,1401,Isparta Merkez,[30.6318307926251, 37.7661902790738],isparta-isparta-merkez
32,Isparta,1456,Keçiborlu,[30.2584310238063, 37.9029399551658],isparta-keciborlu
32,Isparta,1615,Senirkent,[30.6747148621767, 38.1565332537168],isparta-senirkent
32,Isparta,1648,Sütçüler,[31.0671835769557, 37.5159531555983],isparta-sutculer
32,Isparta,1651,Şarkikaraağaç,[31.3398054859781, 38.0182629237822],isparta-sarkikaraagac
32,Isparta,1699,Uluborlu,[30.4558004237953, 38.0865174819504],isparta-uluborlu
32,Isparta,1717,Yalvaç,[31.0749108447672, 38.2986103989373],isparta-yalvac
32,Isparta,1755,Aksu,[31.1673373281094, 37.7464958705465],isparta-aksu
32,Isparta,1929,Gönen,[30.4588103821743, 37.9344414644029],isparta-gonen
32,Isparta,2001,Yenişarbademli,[31.3208097359531, 37.7630957867699],isparta-yenisarbademli
33,Mersin,1135,Anamur,[32.7757802007015, 36.2522619748392],mersin-anamur
33,Mersin,1311,Erdemli,[34.1287769673972, 36.7924775678864],mersin-erdemli
33,Mersin,1366,Gülnar,[33.3226109159096, 36.3763519700236],mersin-gulnar
33,Mersin,1536,Mut,[33.3967368444924, 36.7277889271868],mersin-mut
33,Mersin,1621,Silifke,[33.8299149489411, 36.5452745869475],mersin-silifke
33,Mersin,1665,Tarsus,[34.8465810862958, 37.0731998736256],mersin-tarsus
33,Mersin,1766,Aydıncık,[33.3079789263605, 36.2159476776632],mersin-aydincik
33,Mersin,1779,Bozyazı,[33.0379502967019, 36.2404709501551],mersin-bozyazi
33,Mersin,1892,Çamlıyayla,[34.5743152400554, 37.1766763068192],mersin-camliyayla
33,Mersin,2064,Akdeniz,[34.7210462989492, 36.8821150951692],mersin-akdeniz
33,Mersin,2065,Mezitli,[34.3804869613597, 36.8630433298277],mersin-mezitli
33,Mersin,2066,Toroslar,[34.3562132944639, 37.0574442095453],mersin-toroslar
33,Mersin,2067,Yenişehir,[34.5130742358399, 36.8431296373356],mersin-yenisehir
34,İstanbul,1166,Bakırköy,[28.834192870144, 40.9798564697083],istanbul-bakirkoy
34,İstanbul,1183,Beşiktaş,[29.0217905256715, 41.0706949718279],istanbul-besiktas
34,İstanbul,1185,Beykoz,[29.1977703859318, 41.1464212149679],istanbul-beykoz
34,İstanbul,1186,Beyoğlu,[28.9661803882669, 41.0401411323678],istanbul-beyoglu
34,İstanbul,1237,Çatalca,[28.3554146801498, 41.325698707357],istanbul-catalca
34,İstanbul,1325,Eyüpsultan,[28.8832758953654, 41.1954080039157],istanbul-eyupsultan
34,İstanbul,1327,Fatih,[28.9485162212214, 41.0125128377404],istanbul-fatih
34,İstanbul,1336,Gaziosmanpaşa,[28.9066635458036, 41.0744868168584],istanbul-gaziosmanpasa
34,İstanbul,1421,Kadıköy,[29.0618436395841, 40.979981387586],istanbul-kadikoy
34,İstanbul,1449,Kartal,[29.2093960231208, 40.9160113216552],istanbul-kartal
34,İstanbul,1604,Sarıyer,[29.0178811918709, 41.1845808610571],istanbul-sariyer
34,İstanbul,1622,Silivri,[28.1841667569684, 41.1817619387705],istanbul-silivri
34,İstanbul,1659,Şile,[29.6097389079711, 41.0982179564976],istanbul-sile
34,İstanbul,1663,Şişli,[28.988523938875, 41.0598145196736],istanbul-sisli
34,İstanbul,1708,Üsküdar,[29.0551864600078, 41.0303353172485],istanbul-uskudar
34,İstanbul,1739,Zeytinburnu,[28.9079917886437, 41.0049195236789],istanbul-zeytinburnu
34,İstanbul,1782,Büyükçekmece,[28.5369327929268, 41.0549214076895],istanbul-buyukcekmece
34,İstanbul,1810,Kağıthane,[28.978309664569, 41.0830759979223],istanbul-kagithane
34,İstanbul,1823,Küçükçekmece,[28.7765638022926, 41.0253106911019],istanbul-kucukcekmece
34,İstanbul,1835,Pendik,[29.3531955152774, 40.9584986469099],istanbul-pendik
34,İstanbul,1852,Ümraniye,[29.1318786008589, 41.022459749891],istanbul-umraniye
34,İstanbul,1886,Bayrampaşa,[28.8992997222885, 41.0488021809729],istanbul-bayrampasa
34,İstanbul,2003,Avcılar,[28.7187873931876, 41.0243878582108],istanbul-avcilar
34,İstanbul,2004,Bağcılar,[28.8365929755431, 41.0440608189009],istanbul-bagcilar
34,İstanbul,2005,Bahçelievler,[28.8406874624028, 41.0076098985374],istanbul-bahcelievler
34,İstanbul,2010,Güngören,[28.8793117658229, 41.018769374573],istanbul-gungoren
34,İstanbul,2012,Maltepe,[29.1601236647117, 40.9465889173811],istanbul-maltepe
34,İstanbul,2014,Sultanbeyli,[29.2750586200128, 40.9643805078038],istanbul-sultanbeyli
34,İstanbul,2015,Tuzla,[29.3679895468786, 40.891660371559],istanbul-tuzla
34,İstanbul,2016,Esenler,[28.8525649924983, 41.0780007979779],istanbul-esenler
34,İstanbul,2048,Arnavutköy,[28.6735622376012, 41.2354701617876],istanbul-arnavutkoy
34,İstanbul,2049,Ataşehir,[29.1279205565116, 40.9862563055331],istanbul-atasehir
34,İstanbul,2050,Başakşehir,[28.7486812376598, 41.0984940151522],istanbul-basaksehir
34,İstanbul,2051,Beylikdüzü,[28.6451442354826, 40.9851118112767],istanbul-beylikduzu
34,İstanbul,2052,Çekmeköy,[29.2843934450885, 41.0733023550646],istanbul-cekmekoy
34,İstanbul,2053,Esenyurt,[28.6586130195758, 41.042884947449],istanbul-esenyurt
34,İstanbul,2054,Sancaktepe,[29.265461505091, 41.0102661429296],istanbul-sancaktepe
34,İstanbul,2055,Sultangazi,[28.8748639101441, 41.1204642536574],istanbul-sultangazi
34,İstanbul,9966,İstanbul Il Geneli,,İstanbul Il Geneli
35,İzmir,1128,Aliağa,[27.0442695359574, 38.802686618618],izmir-aliaga
35,İzmir,1178,Bayındır,[27.6409766936807, 38.2404716853928],izmir-bayindir
35,İzmir,1181,Bergama,[27.1911831595832, 39.1656038847507],izmir-bergama
35,İzmir,1203,Bornova,[27.2534348793924, 38.4791310857736],izmir-bornova
35,İzmir,1251,Çeşme,[26.4064167795704, 38.3016301610793],izmir-cesme
35,İzmir,1280,Dikili,[26.9163645017846, 39.0865852534395],izmir-dikili
35,İzmir,1334,Foça,[26.8376547680142, 38.6797206820642],izmir-foca
35,İzmir,1432,Karaburun,[26.4782154077775, 38.554825015304],izmir-karaburun
35,İzmir,1448,Karşıyaka,[27.1273304719808, 38.5097141180823],izmir-karsiyaka
35,İzmir,1461,Kemalpaşa,[27.4877428898567, 38.4134638248426],izmir-kemalpasa
35,İzmir,1467,Kınık,[27.3798513974287, 39.0463625688862],izmir-kinik
35,İzmir,1477,Kiraz,[28.3052404394357, 38.2228781991084],izmir-kiraz
35,İzmir,1521,Menemen,[27.0625098552957, 38.6177732101035],izmir-menemen
35,İzmir,1563,Ödemiş,[28.0045057240888, 38.2125239324958],izmir-odemis
35,İzmir,1611,Seferihisar,[26.8875048659455, 38.1824800650147],izmir-seferihisar
35,İzmir,1612,Selçuk,[27.3792451087206, 37.9555486169976],izmir-selcuk
35,İzmir,1677,Tire,[27.7252562294389, 38.0708587297148],izmir-tire
35,İzmir,1682,Torbalı,[27.3785101934127, 38.1826935252029],izmir-torbali
35,İzmir,1703,Urla,[26.6334758854313, 38.2991549722601],izmir-urla
35,İzmir,1776,Beydağ,[28.2299428810138, 38.0925890756218],izmir-beydag
35,İzmir,1780,Buca,[27.2478851218919, 38.3394308370757],izmir-buca
35,İzmir,1819,Konak,[27.1468309179514, 38.4191471227423],izmir-konak
35,İzmir,1826,Menderes,[27.1322173159772, 38.1469348706766],izmir-menderes
35,İzmir,2006,Balçova,[27.0561330971201, 38.3860347225174],izmir-balcova
35,İzmir,2007,Çiğli,[27.0022376479372, 38.4983119181881],izmir-cigli
35,İzmir,2009,Gaziemir,[27.1481660459667, 38.3152926463026],izmir-gaziemir
35,İzmir,2013,Narlıdere,[26.9821356746236, 38.3705303036561],izmir-narlidere
35,İzmir,2018,Güzelbahçe,[26.8822005235042, 38.3333589432191],izmir-guzelbahce
35,İzmir,2056,Bayraklı,[27.1556261542732, 38.4766069631087],izmir-bayrakli
35,İzmir,2057,Karabağlar,[27.0492312416087, 38.3427093750828],izmir-karabaglar
35,İzmir,9965,İzmir Il Geneli,,İzmir Il Geneli
36,Kars,1149,Arpaçay,[43.3717682113354, 40.9015405507683],kars-arpacay
36,Kars,1279,Digor,[43.4484108099508, 40.3275906451034],kars-digor
36,Kars,1424,Kağızman,[43.0887844122075, 40.1456642462449],kars-kagizman
36,Kars,1447,Kars Merkez,[43.2041058488875, 40.5734356907797],kars-kars-merkez
36,Kars,1601,Sarıkamış,[42.5446807872287, 40.2162075167054],kars-sarikamis
36,Kars,1614,Selim,[42.7640147830593, 40.4803781481122],kars-selim
36,Kars,1645,Susuz,[43.0967147612148, 40.8141805574307],kars-susuz
36,Kars,1756,Akyaka,[43.6094015714588, 40.7796791234486],kars-akyaka
37,Kastamonu,1101,Abana,[34.0604861779619, 41.9608204284647],kastamonu-abana
37,Kastamonu,1140,Araç,[33.2398650720359, 41.2047789847251],kastamonu-arac
37,Kastamonu,1162,Azdavay,[33.3509020353728, 41.7074060087139],kastamonu-azdavay
37,Kastamonu,1208,Bozkurt,[34.0257944406479, 41.8715555298422],kastamonu-bozkurt
37,Kastamonu,1221,Cide,[33.064083437311, 41.8644421404454],kastamonu-cide
37,Kastamonu,1238,Çatalzeytin,[34.190547442949, 41.8678544386239],kastamonu-catalzeytin
37,Kastamonu,1264,Daday,[33.3692022385332, 41.4715471153204],kastamonu-daday
37,Kastamonu,1277,Devrekani,[33.9271967305265, 41.6825438092653],kastamonu-devrekani
37,Kastamonu,1410,İnebolu,[33.746794552693, 41.9161746816827],kastamonu-inebolu
37,Kastamonu,1450,Kastamonu Merkez,[33.8115216220565, 41.3158696940872],kastamonu-kastamonu-merkez
37,Kastamonu,1499,Küre,[33.6693028432697, 41.8101240059984],kastamonu-kure
37,Kastamonu,1666,Taşköprü,[34.2037969704752, 41.4694599993994],kastamonu-taskopru
37,Kastamonu,1685,Tosya,[34.059145973139, 40.9928009823806],kastamonu-tosya
37,Kastamonu,1805,İhsangazi,[33.5585877302353, 41.1479047453468],kastamonu-ihsangazi
37,Kastamonu,1836,Pınarbaşı,[33.0465036177038, 41.6388049113802],kastamonu-pinarbasi
37,Kastamonu,1845,Şenpazar,[33.2337260330032, 41.8224184883806],kastamonu-senpazar
37,Kastamonu,1867,Ağlı,[33.5582759383171, 41.7043404758391],kastamonu-agli
37,Kastamonu,1915,Doğanyurt,[33.4400203943204, 41.9489136649611],kastamonu-doganyurt
37,Kastamonu,1940,Hanönü,[34.4534187870878, 41.6397727621688],kastamonu-hanonu
37,Kastamonu,1984,Seydiler,[33.6966989572514, 41.632332865526],kastamonu-seydiler
38,Kayseri,1218,Bünyan,[35.9367089667413, 38.8045360266738],kayseri-bunyan
38,Kayseri,1275,Develi,[35.5934181293696, 38.273099013169],kayseri-develi
38,Kayseri,1330,Felahiye,[35.5537133383167, 39.1033262432298],kayseri-felahiye
38,Kayseri,1409,İncesu,[35.2272411111901, 38.6264567530419],kayseri-incesu
38,Kayseri,1576,Pınarbaşı,[36.4737160456542, 38.8155257573068],kayseri-pinarbasi
38,Kayseri,1603,Sarıoğlan,[35.9316748128428, 39.1131679985995],kayseri-sarioglan
38,Kayseri,1605,Sarız,[36.5472964338582, 38.4750665669843],kayseri-sariz
38,Kayseri,1680,Tomarza,[35.914604030725, 38.4198901269069],kayseri-tomarza
38,Kayseri,1715,Yahyalı,[35.4013782387823, 37.9638605309845],kayseri-yahyali
38,Kayseri,1727,Yeşilhisar,[35.1060818739106, 38.3272298778502],kayseri-yesilhisar
38,Kayseri,1846,Talas,[35.6917547805418, 38.6178214739997],kayseri-talas
38,Kayseri,1863,Kocasinan,[35.357755742695, 38.8919875522023],kayseri-kocasinan
38,Kayseri,1864,Melikgazi,[35.596861421262, 38.7189095525288],kayseri-melikgazi
38,Kayseri,1936,Hacılar,[35.4076459191549, 38.6293662830184],kayseri-hacilar
38,Kayseri,1978,Özvatan,[35.7529770256789, 39.1188963360903],kayseri-ozvatan
38,Kayseri,9962,Kayseri Il Geneli,,Kayseri Il Geneli
39,Kırklareli,1163,Babaeski,[27.096929174464, 41.4779079205429],kirklareli-babaeski
39,Kırklareli,1270,Demirköy,[27.8004700620344, 41.8795725707366],kirklareli-demirkoy
39,Kırklareli,1471,Kırklareli Merkez,[27.2451433602339, 41.7867770062446],kirklareli-kirklareli-merkez
39,Kırklareli,1480,Kofçaz,[27.1562609703027, 41.9977454375555],kirklareli-kofcaz
39,Kırklareli,1505,Lüleburgaz,[27.4130028600954, 41.402210463733],kirklareli-luleburgaz
39,Kırklareli,1572,Pehlivanköy,[26.9412129668218, 41.3872786370819],kirklareli-pehlivankoy
39,Kırklareli,1577,Pınarhisar,[27.5450779503218, 41.6634632135111],kirklareli-pinarhisar
39,Kırklareli,1714,Vize,[27.8322168572542, 41.6274562296208],kirklareli-vize
40,Kırşehir,1254,Çiçekdağı,[34.3436896776303, 39.5845352372744],kirsehir-cicekdagi
40,Kırşehir,1429,Kaman,[33.7218520953092, 39.3272406396389],kirsehir-kaman
40,Kırşehir,1472,Kırşehir Merkez,[34.0819323205145, 39.1663358318108],kirsehir-kirsehir-merkez
40,Kırşehir,1529,Mucur,[34.4259119235866, 39.0969314107465],kirsehir-mucur
40,Kırşehir,1754,Akpınar,[33.9578649874606, 39.5065962380211],kirsehir-akpinar
40,Kırşehir,1869,Akçakent,[34.0817703151296, 39.6387614060519],kirsehir-akcakent
40,Kırşehir,1890,Boztepe,[34.3726293197279, 39.328411133712],kirsehir-boztepe
41,Kocaeli,1338,Gebze,[29.5520739184378, 40.9150404666563],kocaeli-gebze
41,Kocaeli,1355,Gölcük,[29.7999342175884, 40.654786206867],kocaeli-golcuk
41,Kocaeli,1430,Kandıra,[30.1028726189954, 41.039728886372],kocaeli-kandira
41,Kocaeli,1440,Karamürsel,[29.5960823665653, 40.6164203701881],kocaeli-karamursel
41,Kocaeli,1821,Körfez,[29.7442613496003, 40.8602613411081],kocaeli-korfez
41,Kocaeli,2030,Derince,[29.8594374046968, 40.8907083941497],kocaeli-derince
41,Kocaeli,2059,Çayırova,[29.394670061725, 40.8458616858991],kocaeli-cayirova
41,Kocaeli,2060,Darıca,[29.3781979611738, 40.7772767141423],kocaeli-darica
41,Kocaeli,2062,İzmit,[30.0516084842163, 40.8422952256638],kocaeli-izmit
41,Kocaeli,2063,Kartepe,[30.1016974610287, 40.7022484788921],kocaeli-kartepe
41,Kocaeli,9959,Kocaeli Il Geneli,,Kocaeli Il Geneli
42,Konya,1188,Beyşehir,[31.6484529004543, 37.6969986634174],konya-beysehir
42,Konya,1207,Bozkır,[32.3194041890508, 37.165146033907],konya-bozkir
42,Konya,1222,Cihanbeyli,[32.8859238724578, 38.6884075957934],konya-cihanbeyli
42,Konya,1262,Çumra,[32.7730452529523, 37.5217701667618],konya-cumra
42,Konya,1285,Doğanhisar,[31.6530957177947, 38.1334602503942],konya-doganhisar
42,Konya,1312,Ereğli,[34.0775460213343, 37.6771663132458],konya-eregli
42,Konya,1375,Hadim,[32.4915287676609, 36.9657161089925],konya-hadim
42,Konya,1400,Ilgın,[31.9135039486397, 38.2686545335767],konya-ilgin
42,Konya,1422,Kadınhanı,[32.1828095186492, 38.5059040697801],konya-kadinhani
42,Konya,1441,Karapınar,[33.5062476116934, 37.7212415945123],konya-karapinar
42,Konya,1491,Kulu,[33.0550591426063, 39.0211988671882],konya-kulu
42,Konya,1598,Sarayönü,[32.4513415960694, 38.4858356201621],konya-sarayonu
42,Konya,1617,Seydişehir,[31.9408699807988, 37.4604375823609],konya-seydisehir
42,Konya,1735,Yunak,[31.9325590984694, 38.7860482863883],konya-yunak
42,Konya,1753,Akören,[32.3637196938098, 37.4123134076232],konya-akoren
42,Konya,1760,Altınekin,[32.911275063367, 38.3012851675315],konya-altinekin
42,Konya,1789,Derebucak,[31.5407236193169, 37.3962132028083],konya-derebucak
42,Konya,1804,Hüyük,[31.5968500554119, 37.9177066611775],konya-huyuk
42,Konya,1814,Karatay,[32.9744288270724, 37.9295741863426],konya-karatay
42,Konya,1827,Meram,[32.2900911968403, 37.7064608923387],konya-meram
42,Konya,1839,Selçuklu,[32.4839342560189, 38.064369857409],konya-selcuklu
42,Konya,1848,Taşkent,[32.593717910323, 36.8866321820328],konya-taskent
42,Konya,1868,Ahırlı,[32.0425023377533, 37.311536],konya-ahirli
42,Konya,1902,Çeltik,[31.8449720595056, 39.0014253802641],konya-celtik
42,Konya,1907,Derbent,[31.9975932217947, 37.9909305989857],konya-derbent
42,Konya,1920,Emirgazi,[33.7879337468936, 37.9907387769622],konya-emirgazi
42,Konya,1933,Güneysınır,[32.7131281323531, 37.2105489439942],konya-guneysinir
42,Konya,1937,Halkapınar,[34.3047864097938, 37.3678411445935],konya-halkapinar
42,Konya,1990,Tuzlukçu,[31.6246504143124, 38.5031439860544],konya-tuzlukcu
42,Konya,1994,Yalıhüyük,[32.0638448534149, 37.295498641013],konya-yalihuyuk
42,Konya,9958,Konya Il Geneli,,Konya Il Geneli
43,Kütahya,1132,Altıntaş,[30.0400714252567, 39.0411312052325],kutahya-altintas
43,Kütahya,1288,Domaniç,[29.5752325966072, 39.7810391679791],kutahya-domanic
43,Kütahya,1304,Emet,[29.3339490248783, 39.3367619664064],kutahya-emet
43,Kütahya,1339,Gediz,[29.4451714165137, 38.9941086485155],kutahya-gediz
43,Kütahya,1500,Kütahya Merkez,[30.0784749040707, 39.4313331656384],kutahya-kutahya-merkez
43,Kütahya,1625,Simav,[28.9363360955024, 39.2004781453005],kutahya-simav
43,Kütahya,1671,Tavşanlı,[29.4301353047435, 39.552530470251],kutahya-tavsanli
43,Kütahya,1764,Aslanapa,[29.8189001519325, 39.2010747060473],kutahya-aslanapa
43,Kütahya,1790,Dumlupınar,[29.9968751989954, 38.8937531131051],kutahya-dumlupinar
43,Kütahya,1802,Hisarcık,[29.2478614025841, 39.2097889239456],kutahya-hisarcik
43,Kütahya,1843,Şaphane,[29.2004763335229, 38.9845106528274],kutahya-saphane
43,Kütahya,1898,Çavdarhisar,[29.6299523898104, 39.20332546549],kutahya-cavdarhisar
43,Kütahya,1979,Pazarlar,[29.1119069821932, 38.9540405544785],kutahya-pazarlar
44,Malatya,1114,Akçadağ,[37.8874039950197, 38.3685478631582],malatya-akcadag
44,Malatya,1143,Arapgir,[38.4657718119782, 38.9682580232849],malatya-arapgir
44,Malatya,1148,Arguvan,[38.2723132776798, 38.8517303744058],malatya-arguvan
44,Malatya,1265,Darende,[37.5783303937702, 38.5552157252622],malatya-darende
44,Malatya,1286,Doğanşehir,[37.8640499298013, 38.0444219481788],malatya-dogansehir
44,Malatya,1390,Hekimhan,[37.9412758502611, 38.8575171021791],malatya-hekimhan
44,Malatya,1582,Pütürge,[38.8292312135852, 38.1777730554243],malatya-puturge
44,Malatya,1729,Yeşilyurt,[38.2048830144517, 38.2825300252052],malatya-yesilyurt
44,Malatya,1772,Battalgazi,[38.4893615166698, 38.3362163311733],malatya-battalgazi
44,Malatya,1914,Doğanyol,[39.0488289940629, 38.2848728814434],malatya-doganyol
44,Malatya,1953,Kale,[38.7907318754961, 38.3745319314504],malatya-kale
44,Malatya,1969,Kuluncak,[37.6605261263477, 38.8741756588212],malatya-kuluncak
44,Malatya,1995,Yazıhan,[38.1363424313065, 38.5946332258122],malatya-yazihan
45,Manisa,1118,Akhisar,[27.8852725300801, 38.9635417698299],manisa-akhisar
45,Manisa,1127,Alaşehir,[28.4925028985816, 38.3407225157753],manisa-alasehir
45,Manisa,1269,Demirci,[28.6694445491196, 38.9685998995523],manisa-demirci
45,Manisa,1362,Gördes,[28.2736096601604, 38.9451492930125],manisa-gordes
45,Manisa,1470,Kırkağaç,[27.7988195708514, 39.1666044706688],manisa-kirkagac
45,Manisa,1489,Kula,[28.6442803002932, 38.5691550328013],manisa-kula
45,Manisa,1590,Salihli,[28.1893375377779, 38.5562880990774],manisa-salihli
45,Manisa,1600,Sarıgöl,[28.7084263203478, 38.2198005427415],manisa-sarigol
45,Manisa,1606,Saruhanlı,[27.6353853127072, 38.7630055646994],manisa-saruhanli
45,Manisa,1613,Selendi,[28.8711620132706, 38.7909304188493],manisa-selendi
45,Manisa,1634,Soma,[27.5946207733442, 39.2467403080847],manisa-soma
45,Manisa,1689,Turgutlu,[27.7697367862132, 38.4833812558028],manisa-turgutlu
45,Manisa,1751,Ahmetli,[27.9138726742665, 38.5344846087629],manisa-ahmetli
45,Manisa,1793,Gölmarmara,[27.951983381193, 38.6985244430876],manisa-golmarmara
45,Manisa,1965,Köprübaşı,[28.419876739987, 38.7668600088951],manisa-koprubasi
45,Manisa,2086,Şehzadeler,[27.5071362596791, 38.6380462751111],manisa-sehzadeler
45,Manisa,2087,Yunusemre,[27.3059831055917, 38.7458453830377],manisa-yunusemre
46,Kahramanmaraş,1107,Afşin,[36.8706241048923, 38.351672853041],kahramanmaras-afsin
46,Kahramanmaraş,1136,Andırın,[36.3786295794725, 37.6051457862704],kahramanmaras-andirin
46,Kahramanmaraş,1299,Elbistan,[37.3356182097972, 38.2785438123576],kahramanmaras-elbistan
46,Kahramanmaraş,1353,Göksun,[36.5602948618626, 38.0656936612465],kahramanmaras-goksun
46,Kahramanmaraş,1570,Pazarcık,[37.3173651297911, 37.4508513249771],kahramanmaras-pazarcik
46,Kahramanmaraş,1694,Türkoğlu,[36.817551219463, 37.3488754272773],kahramanmaras-turkoglu
46,Kahramanmaraş,1785,Çağlayancerit,[37.3360794070567, 37.7848370926703],kahramanmaras-caglayancerit
46,Kahramanmaraş,1919,Ekinözü,[37.1134561901553, 38.0048064039129],kahramanmaras-ekinozu
46,Kahramanmaraş,1975,Nurhak,[37.4015256768705, 37.9812033785893],kahramanmaras-nurhak
46,Kahramanmaraş,2084,Dulkadiroğlu,[37.0716029698172, 37.6178638909349],kahramanmaras-dulkadiroglu
46,Kahramanmaraş,2085,Onikişubat,[36.7248938519531, 37.7126895656238],kahramanmaras-onikisubat
46,Kahramanmaraş,9954,Kahramanmaraş Il Geneli,,Kahramanmaraş Il Geneli
47,Mardin,1273,Derik,[40.15520823751, 37.3327859338845],mardin-derik
47,Mardin,1474,Kızıltepe,[40.4536681444399, 37.1327048740693],mardin-kiziltepe
47,Mardin,1519,Mazıdağı,[40.4481693738988, 37.4699909236567],mardin-mazidagi
47,Mardin,1526,Midyat,[41.3563178790455, 37.3902504624944],mardin-midyat
47,Mardin,1547,Nusaybin,[41.326753335319, 37.1817317836525],mardin-nusaybin
47,Mardin,1564,Ömerli,[40.9925906416002, 37.3765684851202],mardin-omerli
47,Mardin,1609,Savur,[40.8755879113085, 37.5843554706587],mardin-savur
47,Mardin,1787,Dargeçit,[41.746539988633, 37.5431937175695],mardin-dargecit
47,Mardin,2002,Yeşilli,[40.854336861993, 37.3171600149779],mardin-yesilli
47,Mardin,2088,Artuklu,[40.7592473412595, 37.3021589266181],mardin-artuklu
48,Muğla,1197,Bodrum,[27.5018457673706, 37.0615739193314],mugla-bodrum
48,Muğla,1266,Datça,[27.66480548425, 36.7400027560899],mugla-datca
48,Muğla,1331,Fethiye,[29.1483500364644, 36.7011844243011],mugla-fethiye
48,Muğla,1488,Köyceğiz,[28.7351239419393, 36.9783250711458],mugla-koycegiz
48,Muğla,1517,Marmaris,[28.2029167407074, 36.8283858933691],mugla-marmaris
48,Muğla,1528,Milas,[27.7443760469375, 37.2793088390251],mugla-milas
48,Muğla,1695,Ula,[28.5021734476965, 37.073937795617],mugla-ula
48,Muğla,1719,Yatağan,[28.1051141748411, 37.3484723215357],mugla-yatagan
48,Muğla,1742,Dalaman,[28.9339777415084, 36.8314819152368],mugla-dalaman
48,Muğla,1831,Ortaca,[28.7017741911872, 36.8050097001737],mugla-ortaca
48,Muğla,1958,Kavaklıdere,[28.3683091886115, 37.4481569527168],mugla-kavaklidere
48,Muğla,2089,Menteşe,[28.4236501910441, 37.2266086881726],mugla-mentese
48,Muğla,2090,Seydikemer,[29.4647952030214, 36.6756588909407],mugla-seydikemer
49,Muş,1213,Bulanık,[42.1397588030935, 39.0679365963098],mus-bulanik
49,Muş,1510,Malazgirt,[42.4782453577158, 39.2280200308225],mus-malazgirt
49,Muş,1534,Muş Merkez,[41.4765653438604, 38.8305247505593],mus-mus-merkez
49,Muş,1711,Varto,[41.4482374973686, 39.1787787271053],mus-varto
49,Muş,1801,Hasköy,[41.7561978991834, 38.6458911081553],mus-haskoy
49,Muş,1964,Korkut,[41.9201795748254, 38.7662810379329],mus-korkut
50,Nevşehir,1155,Avanos,[34.8770151136, 38.8825197178818],nevsehir-avanos
50,Nevşehir,1274,Derinkuyu,[34.6880331620335, 38.3966228054377],nevsehir-derinkuyu
50,Nevşehir,1367,Gülşehir,[34.4678470611854, 38.7683231775339],nevsehir-gulsehir
50,Nevşehir,1374,Hacıbektaş,[34.61831814674, 38.9862709328766],nevsehir-hacibektas
50,Nevşehir,1485,Kozaklı,[34.7990330360603, 39.20612128785],nevsehir-kozakli
50,Nevşehir,1543,Nevşehir Merkez,[34.6950559468634, 38.5884037772934],nevsehir-nevsehir-merkez
50,Nevşehir,1707,Ürgüp,[34.9692666324333, 38.5860212847325],nevsehir-urgup
50,Nevşehir,1749,Acıgöl,[34.4887469030745, 38.5476690168438],nevsehir-acigol
51,Niğde,1201,Bor,[34.4768374063191, 37.8535567941033],nigde-bor
51,Niğde,1225,Çamardı,[35.0170704868169, 37.8468006833763],nigde-camardi
51,Niğde,1544,Niğde Merkez,[34.8073549446452, 38.1266358483238],nigde-nigde-merkez
51,Niğde,1700,Ulukışla,[34.5909390608884, 37.5557804948875],nigde-ulukisla
51,Niğde,1876,Altunhisar,[34.2713321272278, 38.0391964177385],nigde-altunhisar
51,Niğde,1904,Çiftlik,[34.4704330539922, 38.1701838165581],nigde-ciftlik
52,Ordu,1119,Akkuş,[36.9439054896164, 40.8208586816557],ordu-akkus
52,Ordu,1158,Aybastı,[37.3858040168919, 40.6420570889006],ordu-aybasti
52,Ordu,1328,Fatsa,[37.4950383598336, 40.9706088837389],ordu-fatsa
52,Ordu,1358,Gölköy,[37.5911154175239, 40.6672587091521],ordu-golkoy
52,Ordu,1482,Korgan,[37.2984970210505, 40.7507474788008],ordu-korgan
52,Ordu,1493,Kumru,[37.2391461005822, 40.8507251598003],ordu-kumru
52,Ordu,1525,Mesudiye,[37.7755793093187, 40.5131790509162],ordu-mesudiye
52,Ordu,1573,Perşembe,[37.7131000473382, 41.0380378820551],ordu-persembe
52,Ordu,1696,Ulubey,[37.7596194677422, 40.8140548824416],ordu-ulubey
52,Ordu,1706,Ünye,[37.2264095177848, 41.0175950553081],ordu-unye
52,Ordu,1795,Gülyalı,[38.049913604063, 40.9439548817057],ordu-gulyali
52,Ordu,1797,Gürgentepe,[37.5794138486638, 40.8152501390506],ordu-gurgentepe
52,Ordu,1891,Çamaş,[37.5330554194889, 40.8934411160566],ordu-camas
52,Ordu,1897,Çatalpınar,[37.4491464226062, 40.8585681189497],ordu-catalpinar
52,Ordu,1900,Çaybaşı,[37.049147843382, 40.9773585226153],ordu-caybasi
52,Ordu,1947,İkizce,[37.0077659936861, 41.0204384213068],ordu-ikizce
52,Ordu,1950,Kabadüz,[37.9453763200341, 40.6845721752207],ordu-kabaduz
52,Ordu,1951,Kabataş,[37.4399925016291, 40.7495767615763],ordu-kabatas
52,Ordu,2103,Altınordu,[37.8818473512315, 40.9086188656242],ordu-altinordu
53,Rize,1146,Ardeşen,[41.1255802979472, 41.1298431336242],rize-ardesen
53,Rize,1228,Çamlıhemşin,[41.0368995133287, 40.9178731416466],rize-camlihemsin
53,Rize,1241,Çayeli,[40.7649226672685, 40.9701016540702],rize-cayeli
53,Rize,1332,Fındıklı,[41.2471481610971, 41.1890398942014],rize-findikli
53,Rize,1405,İkizdere,[40.6428925626136, 40.6921443499589],rize-ikizdere
53,Rize,1428,Kalkandere,[40.4781889997984, 40.8966603772448],rize-kalkandere
53,Rize,1569,Pazar,[40.9027693796882, 41.1270227509434],rize-pazar
53,Rize,1586,Rize Merkez,[40.5609856641931, 40.9489802899716],rize-rize-merkez
53,Rize,1796,Güneysu,[40.656472498498, 40.9369713869727],rize-guneysu
53,Rize,1908,Derepazarı,[40.4272663971352, 41.0037578160112],rize-derepazari
53,Rize,1943,Hemşin,[40.8853986684949, 40.9979977829219],rize-hemsin
53,Rize,1949,İyidere,[40.3726239493427, 40.9911427064514],rize-iyidere
54,Sakarya,1123,Akyazı,[30.689354854466, 40.621655595361],sakarya-akyazi
54,Sakarya,1351,Geyve,[30.3070122548635, 40.4880353803745],sakarya-geyve
54,Sakarya,1391,Hendek,[30.744751396213, 40.7911631522465],sakarya-hendek
54,Sakarya,1442,Karasu,[30.6527992829427, 41.0358492382386],sakarya-karasu
54,Sakarya,1453,Kaynarca,[30.3560821030838, 41.0554245705105],sakarya-kaynarca
54,Sakarya,1595,Sapanca,[30.2332902871232, 40.6627918410316],sakarya-sapanca
54,Sakarya,1818,Kocaali,[30.8661302681805, 40.997175491151],sakarya-kocaali
54,Sakarya,1833,Pamukova,[30.095564721837, 40.5270551049691],sakarya-pamukova
54,Sakarya,1847,Taraklı,[30.516670873196, 40.4141341996477],sakarya-tarakli
54,Sakarya,1925,Ferizli,[30.5045962162324, 40.9961871833692],sakarya-ferizli
54,Sakarya,1955,Karapürçek,[30.5140627526938, 40.6113684428121],sakarya-karapurcek
54,Sakarya,1986,Söğütlü,[30.4810254825968, 40.9077194006413],sakarya-sogutlu
54,Sakarya,2068,Adapazarı,[30.3984425204052, 40.8483385414779],sakarya-adapazari
54,Sakarya,2069,Arifiye,[30.3757232626231, 40.6890451070795],sakarya-arifiye
54,Sakarya,2070,Erenler,[30.4620339699075, 40.7023079980779],sakarya-erenler
54,Sakarya,2071,Serdivan,[30.3017436970052, 40.7798812490782],sakarya-serdivan
55,Samsun,1125,Alaçam,[35.5780846555173, 41.516645899126],samsun-alacam
55,Samsun,1164,Bafra,[35.8257936504217, 41.4696802472718],samsun-bafra
55,Samsun,1234,Çarşamba,[36.6535778050907, 41.1838645488933],samsun-carsamba
55,Samsun,1386,Havza,[35.717901561299, 41.075594878504],samsun-havza
55,Samsun,1452,Kavak,[36.0225649742204, 41.1167360029851],samsun-kavak
55,Samsun,1501,Ladik,[35.9614849578239, 40.9258803320784],samsun-ladik
55,Samsun,1676,Terme,[36.9403314447052, 41.1855825538929],samsun-terme
55,Samsun,1712,Vezirköprü,[35.3034288745398, 41.1811555379004],samsun-vezirkopru
55,Samsun,1763,Asarcık,[36.2827314797148, 41.0217728832196],samsun-asarcik
55,Samsun,1830,19 Mayıs,[36.0497177722607, 41.468490757027],samsun-19-mayis
55,Samsun,1838,Salıpazarı,[36.8130416549253, 41.0250500999999],samsun-salipazari
55,Samsun,1849,Tekkeköy,[36.4676131713939, 41.1526706672175],samsun-tekkekoy
55,Samsun,1879,Ayvacık,[36.57249151227, 40.9614086962614],samsun-ayvacik
55,Samsun,1993,Yakakent,[35.417160311162, 41.5882621482218],samsun-yakakent
55,Samsun,2072,Atakum,[36.1098446928238, 41.330747952511],samsun-atakum
55,Samsun,2073,Canik,[36.3017226625243, 41.1646974393615],samsun-canik
55,Samsun,2074,İlkadım,[36.2284871982359, 41.2426904303615],samsun-ilkadim
56,Siirt,1179,Baykan,[41.7693686023231, 38.1359391625321],siirt-baykan
56,Siirt,1317,Eruh,[42.1729100263867, 37.737250275144],siirt-eruh
56,Siirt,1495,Kurtalan,[41.6381356077855, 37.9261538663899],siirt-kurtalan
56,Siirt,1575,Pervari,[42.5679945126092, 37.8630172701906],siirt-pervari
56,Siirt,1620,Siirt Merkez,[41.9198964011896, 37.8884458284902],siirt-siirt-merkez
56,Siirt,1662,Şirvan,[42.1531759877483, 38.0816069520115],siirt-sirvan
56,Siirt,1878,Tillo,[42.0450584081086, 37.9499504438397],siirt-tillo
57,Sinop,1156,Ayancık,[34.5911444069898, 41.822587305244],sinop-ayancik
57,Sinop,1204,Boyabat,[34.7267417458117, 41.5088929384259],sinop-boyabat
57,Sinop,1290,Durağan,[35.1858416396197, 41.400330261964],sinop-duragan
57,Sinop,1314,Erfelek,[34.8683928070099, 41.869194711306],sinop-erfelek
57,Sinop,1349,Gerze,[35.0793828613864, 41.7245738597288],sinop-gerze
57,Sinop,1627,Sinop Merkez,[35.0595856936504, 41.8822955],sinop-sinop-merkez
57,Sinop,1693,Türkeli,[34.3431870401978, 41.8661354342555],sinop-turkeli
57,Sinop,1910,Dikmen,[35.2459863993814, 41.5855976251242],sinop-dikmen
57,Sinop,1981,Saraydüzü,[34.8040686194363, 41.3013561156859],sinop-sarayduzu
58,Sivas,1282,Divriği,[38.0495361757977, 39.3665169661702],sivas-divrigi
58,Sivas,1342,Gemerek,[36.0858582883322, 39.2837686071549],sivas-gemerek
58,Sivas,1373,Gürün,[37.1582369434716, 38.7786480400984],sivas-gurun
58,Sivas,1376,Hafik,[37.3840085292114, 39.9019582885374],sivas-hafik
58,Sivas,1407,İmranlı,[38.1942067695859, 39.8068216963371],sivas-imranli
58,Sivas,1431,Kangal,[37.3889993483804, 39.1748663242087],sivas-kangal
58,Sivas,1484,Koyulhisar,[37.8869692453302, 40.3188044648134],sivas-koyulhisar
58,Sivas,1628,Sivas Merkez,[36.9907368221819, 39.7364562714062],sivas-sivas-merkez
58,Sivas,1646,Suşehri,[38.1100567606662, 40.14801150695],sivas-susehri
58,Sivas,1650,Şarkışla,[36.3868458998941, 39.3970135130026],sivas-sarkisla
58,Sivas,1731,Yıldızeli,[36.5171757727032, 39.8637093968241],sivas-yildizeli
58,Sivas,1738,Zara,[37.770375005812, 39.8221076400365],sivas-zara
58,Sivas,1870,Akıncılar,[38.3790738308026, 40.0564605411502],sivas-akincilar
58,Sivas,1875,Altınyayla,[36.7754209256647, 39.2577524903433],sivas-altinyayla
58,Sivas,1913,Doğanşar,[37.5615720180816, 40.1519918465681],sivas-dogansar
58,Sivas,1927,Gölova,[38.6057979163868, 40.0478191069548],sivas-golova
58,Sivas,1991,Ulaş,[37.1206546939322, 39.4143221803444],sivas-ulas
59,Tekirdağ,1250,Çerkezköy,[27.979273027548, 41.2651984973984],tekirdag-cerkezkoy
59,Tekirdağ,1258,Çorlu,[27.8079483597059, 41.1247223796378],tekirdag-corlu
59,Tekirdağ,1388,Hayrabolu,[27.1028986553226, 41.1807401761045],tekirdag-hayrabolu
59,Tekirdağ,1511,Malkara,[26.931276539002, 40.9049349994503],tekirdag-malkara
59,Tekirdağ,1538,Muratlı,[27.5017543354499, 41.166309727478],tekirdag-muratli
59,Tekirdağ,1596,Saray,[27.904469583654, 41.4491554996674],tekirdag-saray
59,Tekirdağ,1652,Şarköy,[27.1280365024792, 40.6861638287394],tekirdag-sarkoy
59,Tekirdağ,1825,Marmaraereğlisi,[27.8929519299162, 41.028175241514],tekirdag-marmaraereglisi
59,Tekirdağ,2094,Ergene,[27.7418134671691, 41.2635966153018],tekirdag-ergene
59,Tekirdağ,2095,Kapaklı,[28.01717926803, 41.3342395],tekirdag-kapakli
59,Tekirdağ,2096,Süleymanpaşa,[27.361047261288, 40.9755839052847],tekirdag-suleymanpasa
60,Tokat,1129,Almus,[37.0424051210112, 40.2946300719689],tokat-almus
60,Tokat,1151,Artova,[36.2590583257592, 40.1246986090427],tokat-artova
60,Tokat,1308,Erbaa,[36.5831860663933, 40.7102858450644],tokat-erbaa
60,Tokat,1545,Niksar,[36.9703458092626, 40.5885168138115],tokat-niksar
60,Tokat,1584,Reşadiye,[37.3861351471707, 40.4232305101363],tokat-resadiye
60,Tokat,1679,Tokat Merkez,[36.5744321750854, 40.2871422808258],tokat-tokat-merkez
60,Tokat,1690,Turhal,[36.1647178986831, 40.4065118933109],tokat-turhal
60,Tokat,1740,Zile,[35.7823805648567, 40.2391105780966],tokat-zile
60,Tokat,1834,Pazar,[36.2425585793964, 40.2432506450499],tokat-pazar
60,Tokat,1858,Yeşilyurt,[36.2308887264553, 39.9939486779405],tokat-yesilyurt
60,Tokat,1883,Başçiftlik,[37.1448344736114, 40.541447783775],tokat-basciftlik
60,Tokat,1987,Sulusaray,[36.0473234072643, 39.9956696529559],tokat-sulusaray
61,Trabzon,1113,Akçaabat,[39.5160262176009, 40.9563358405609],trabzon-akcaabat
61,Trabzon,1141,Araklı,[39.9605141087272, 40.7266275892588],trabzon-arakli
61,Trabzon,1150,Arsin,[39.9282930273486, 40.866003489866],trabzon-arsin
61,Trabzon,1244,Çaykara,[40.2790818029257, 40.6316834491445],trabzon-caykara
61,Trabzon,1507,Maçka,[39.5793047679251, 40.7433097127554],trabzon-macka
61,Trabzon,1548,Of,[40.3131603166182, 40.883662999951],trabzon-of
61,Trabzon,1647,Sürmene,[40.059293059953, 40.784639],trabzon-surmene
61,Trabzon,1681,Tonya,[39.2819640850827, 40.8528935256045],trabzon-tonya
61,Trabzon,1709,Vakfıkebir,[39.3239661306937, 40.9975423650358],trabzon-vakfikebir
61,Trabzon,1732,Yomra,[39.836061201455, 40.8505414226255],trabzon-yomra
61,Trabzon,1775,Beşikdüzü,[39.1991130089444, 41.0131758430908],trabzon-besikduzu
61,Trabzon,1842,Şalpazarı,[39.1881987094717, 40.8596405908355],trabzon-salpazari
61,Trabzon,1896,Çarşıbaşı,[39.4042759969467, 41.0347430137229],trabzon-carsibasi
61,Trabzon,1909,Dernekpazarı,[40.2212173397062, 40.7804145200645],trabzon-dernekpazari
61,Trabzon,1917,Düzköy,[39.3824058901894, 40.8380783322783],trabzon-duzkoy
61,Trabzon,1942,Hayrat,[40.4033692942018, 40.7565140795004],trabzon-hayrat
61,Trabzon,1966,Köprübaşı,[40.1126938350649, 40.7102856194085],trabzon-koprubasi
61,Trabzon,2097,Ortahisar,[39.7315787706871, 40.927612796786],trabzon-ortahisar
62,Tunceli,1247,Çemişgezek,[38.895523401918, 39.0377449536228],tunceli-cemisgezek
62,Tunceli,1397,Hozat,[39.1685362594466, 39.1281085085841],tunceli-hozat
62,Tunceli,1518,Mazgirt,[39.7132238008269, 38.9573733236096],tunceli-mazgirt
62,Tunceli,1541,Nazımiye,[39.8551056472733, 39.2207867455691],tunceli-nazimiye
62,Tunceli,1562,Ovacık,[39.2659336876511, 39.3571557621369],tunceli-ovacik
62,Tunceli,1574,Pertek,[39.3249595991228, 38.9087191358532],tunceli-pertek
62,Tunceli,1581,Pülümür,[39.9999276836339, 39.4645354476521],tunceli-pulumur
62,Tunceli,1688,Tunceli Merkez,[39.548902117208, 39.1614021305255],tunceli-tunceli-merkez
63,Şanlıurfa,1115,Akçakale,[38.9323245314038, 36.7881548947479],sanliurfa-akcakale
63,Şanlıurfa,1194,Birecik,[38.0943543612331, 37.0695682405278],sanliurfa-birecik
63,Şanlıurfa,1209,Bozova,[38.3785494894035, 37.3253534264512],sanliurfa-bozova
63,Şanlıurfa,1220,Ceylanpınar,[39.843818364231, 36.9290302199486],sanliurfa-ceylanpinar
63,Şanlıurfa,1378,Halfeti,[38.0055754101549, 37.2770350625943],sanliurfa-halfeti
63,Şanlıurfa,1393,Hilvan,[38.9475711392324, 37.5535285822905],sanliurfa-hilvan
63,Şanlıurfa,1630,Siverek,[39.3907078332229, 37.6641166998497],sanliurfa-siverek
63,Şanlıurfa,1643,Suruç,[38.3874703868968, 36.9842228992547],sanliurfa-suruc
63,Şanlıurfa,1713,Viranşehir,[39.7413011558277, 37.2601046906497],sanliurfa-viransehir
63,Şanlıurfa,1800,Harran,[39.206960126568, 36.8393321796712],sanliurfa-harran
63,Şanlıurfa,2091,Eyyübiye,[38.9806824031295, 37.0073883527557],sanliurfa-eyyubiye
63,Şanlıurfa,2092,Haliliye,[39.1412808040958, 37.2187584597241],sanliurfa-haliliye
63,Şanlıurfa,2093,Karaköprü,[38.6833924377737, 37.3111790964097],sanliurfa-karakopru
64,Uşak,1170,Banaz,[29.7616806489844, 38.7724406376834],usak-banaz
64,Uşak,1323,Eşme,[28.9733615539835, 38.4211739016],usak-esme
64,Uşak,1436,Karahallı,[29.5264710276141, 38.3515580989517],usak-karahalli
64,Uşak,1629,Sivaslı,[29.6557963832312, 38.5212274004189],usak-sivasli
64,Uşak,1697,Ulubey,[29.2607291245701, 38.4116901062811],usak-ulubey
64,Uşak,1704,Uşak Merkez,[29.2897380993374, 38.6870656507991],usak-usak-merkez
65,Van,1175,Başkale,[44.1101848092043, 38.0359195328189],van-baskale
65,Van,1236,Çatak,[43.0834362066849, 37.9752842248105],van-catak
65,Van,1309,Erciş,[43.3370783691438, 39.1151039531797],van-ercis
65,Van,1350,Gevaş,[42.9617516661701, 38.3752632443043],van-gevas
65,Van,1372,Gürpınar,[43.6151872868476, 38.1436813934055],van-gurpinar
65,Van,1533,Muradiye,[43.7282288728707, 38.9663281176805],van-muradiye
65,Van,1565,Özalp,[44.0146001156221, 38.7312871583714],van-ozalp
65,Van,1770,Bahçesaray,[42.8075003452824, 38.1076819379326],van-bahcesaray
65,Van,1786,Çaldıran,[43.9880212110749, 39.1255989709144],van-caldiran
65,Van,1918,Edremit,[43.2842533983884, 38.3954698362763],van-edremit
65,Van,1980,Saray,[44.1805812029114, 38.5140134510927],van-saray
65,Van,2098,İpekyolu,[43.6392995633398, 38.5983139954064],van-ipekyolu
65,Van,2099,Tuşba,[43.3164504346312, 38.6951891326523],van-tusba
66,Yozgat,1117,Akdağmadeni,[35.8729102907406, 39.7087015143684],yozgat-akdagmadeni
66,Yozgat,1198,Boğazlıyan,[35.2337603032184, 39.2245713202757],yozgat-bogazliyan
66,Yozgat,1242,Çayıralan,[35.69785362686, 39.3921387742088],yozgat-cayiralan
66,Yozgat,1245,Çekerek,[35.4971535011662, 40.0383516997366],yozgat-cekerek
66,Yozgat,1602,Sarıkaya,[35.4030155507752, 39.4984821013293],yozgat-sarikaya
66,Yozgat,1635,Sorgun,[35.2439238885322, 39.8094428168036],yozgat-sorgun
66,Yozgat,1655,Şefaatli,[34.7949176731892, 39.4817727786162],yozgat-sefaatli
66,Yozgat,1726,Yerköy,[34.4090968408836, 39.7481386424122],yozgat-yerkoy
66,Yozgat,1733,Yozgat Merkez,[34.7973072739153, 39.8144691640792],yozgat-yozgat-merkez
66,Yozgat,1877,Aydıncık,[35.270062165, 40.1597446899431],yozgat-aydincik
66,Yozgat,1895,Çandır,[35.5228578298604, 39.2522476369105],yozgat-candir
66,Yozgat,1952,Kadışehri,[35.8102594261375, 40.0051723523981],yozgat-kadisehri
66,Yozgat,1982,Saraykent,[35.5548879036942, 39.7495448452877],yozgat-saraykent
66,Yozgat,1998,Yenifakılı,[35.0215539394854, 39.2294179524723],yozgat-yenifakili
67,Zonguldak,1240,Çaycuma,[32.1148072662869, 41.4490050259602],zonguldak-caycuma
67,Zonguldak,1276,Devrek,[31.9444717716366, 41.1476702986572],zonguldak-devrek
67,Zonguldak,1313,Ereğli,[31.6145177910715, 41.2402088807122],zonguldak-eregli
67,Zonguldak,1741,Zonguldak Merkez,[31.8848542433032, 41.3787839947824],zonguldak-zonguldak-merkez
67,Zonguldak,1758,Alaplı,[31.4787449179317, 41.0911603048852],zonguldak-alapli
67,Zonguldak,1926,Gökçebey,[32.1893924966266, 41.313014628677],zonguldak-gokcebey
67,Zonguldak,2100,Kilimli,[31.9280271584629, 41.493491435198],zonguldak-kilimli
67,Zonguldak,2101,Kozlu,[31.7346030869635, 41.3524548662644],zonguldak-kozlu
68,Aksaray,1120,Aksaray Merkez,[33.9577488788958, 38.3972156385767],aksaray-aksaray-merkez
68,Aksaray,1557,Ortaköy,[34.0826405674448, 38.7659782981532],aksaray-ortakoy
68,Aksaray,1860,Ağaçören,[33.8793595199944, 38.8088146433402],aksaray-agacoren
68,Aksaray,1861,Güzelyurt,[34.3178332024142, 38.2764430265677],aksaray-guzelyurt
68,Aksaray,1866,Sarıyahşi,[33.8701652351741, 38.9742567645492],aksaray-sariyahsi
68,Aksaray,1921,Eskil,[33.4350146733962, 38.3674062763028],aksaray-eskil
68,Aksaray,1932,Gülağaç,[34.332273696633, 38.418148727584],aksaray-gulagac
68,Aksaray,9932,Aksaray Il Geneli,,Aksaray Il Geneli
69,Bayburt,1176,Bayburt Merkez,[40.2780883305093, 40.25478884235],bayburt-bayburt-merkez
69,Bayburt,1767,Aydıntepe,[40.1341587393954, 40.4531024795843],bayburt-aydintepe
69,Bayburt,1788,Demirözü,[39.8295048485512, 40.0876722674334],bayburt-demirozu
70,Karaman,1316,Ermenek,[32.8795535501765, 36.6184676161491],karaman-ermenek
70,Karaman,1439,Karaman Merkez,[33.2404528956871, 37.1665733486646],karaman-karaman-merkez
70,Karaman,1768,Ayrancı,[33.8555651083595, 37.2832519692043],karaman-ayranci
70,Karaman,1862,Kazımkarabekir,[32.922760813711, 37.2725804319069],karaman-kazimkarabekir
70,Karaman,1884,Başyayla,[32.6773806504763, 36.7645279506466],karaman-basyayla
70,Karaman,1983,Sarıveliler,[32.5576031968407, 36.6156625530007],karaman-sariveliler
71,Kırıkkale,1268,Delice,[34.0031743221725, 39.9615802922157],kirikkale-delice
71,Kırıkkale,1463,Keskin,[33.6888492114962, 39.6469479824629],kirikkale-keskin
71,Kırıkkale,1469,Kırıkkale Merkez,[33.5621456649783, 39.8535849624119],kirikkale-kirikkale-merkez
71,Kırıkkale,1638,Sulakyurt,[33.7576466138251, 40.1897740760724],kirikkale-sulakyurt
71,Kırıkkale,1880,Bahşili,[33.3748143541253, 39.7237606970856],kirikkale-bahsili
71,Kırıkkale,1882,Balışeyh,[33.7543720642321, 39.9497310329478],kirikkale-baliseyh
71,Kırıkkale,1901,Çelebi,[33.4886182492889, 39.4822769092138],kirikkale-celebi
71,Kırıkkale,1954,Karakeçili,[33.3709145665707, 39.5715661250795],kirikkale-karakecili
71,Kırıkkale,1992,Yahşihan,[33.4247047249455, 39.9031771512296],kirikkale-yahsihan
72,Batman,1174,Batman Merkez,[41.1735837665978, 37.8611145264483],batman-batman-merkez
72,Batman,1184,Beşiri,[41.4299717338179, 37.8711439864129],batman-besiri
72,Batman,1345,Gercüş,[41.3343228626604, 37.6229184851627],batman-gercus
72,Batman,1487,Kozluk,[41.4412046481478, 38.183432934571],batman-kozluk
72,Batman,1607,Sason,[41.419518560576, 38.3961125238396],batman-sason
72,Batman,1941,Hasankeyf,[41.3546488084667, 37.6978265],batman-hasankeyf
73,Şırnak,1189,Beytüşşebap,[43.1463179751037, 37.6034888586706],sirnak-beytussebap
73,Şırnak,1223,Cizre,[42.1658098354486, 37.3139759665611],sirnak-cizre
73,Şırnak,1403,İdil,[41.8103780807777, 37.292229592275],sirnak-idil
73,Şırnak,1623,Silopi,[42.4897521700043, 37.2644107395348],sirnak-silopi
73,Şırnak,1661,Şırnak Merkez,[42.4430275983822, 37.5456475782512],sirnak-sirnak-merkez
73,Şırnak,1698,Uludere,[42.916921826969, 37.425971621289],sirnak-uludere
73,Şırnak,1931,Güçlükonak,[41.9779436216644, 37.5313680244089],sirnak-guclukonak
74,Bartın,1172,Bartın Merkez,[32.4072969394862, 41.5691945935081],bartin-bartin-merkez
74,Bartın,1496,Kurucaşile,[32.6615558669799, 41.786091826531],bartin-kurucasile
74,Bartın,1701,Ulus,[32.6502078651322, 41.5433913051307],bartin-ulus
74,Bartın,1761,Amasra,[32.4713975666596, 41.7353851303615],bartin-amasra
75,Ardahan,1144,Ardahan Merkez,[42.7292254780257, 41.0669160115695],ardahan-ardahan-merkez
75,Ardahan,1252,Çıldır,[43.1676624810799, 41.1536272053019],ardahan-cildir
75,Ardahan,1356,Göle,[42.6373924072391, 40.8505292891426],ardahan-gole
75,Ardahan,1380,Hanak,[42.8141086347653, 41.2610030287246],ardahan-hanak
75,Ardahan,1579,Posof,[42.7144044669581, 41.4750094904139],ardahan-posof
75,Ardahan,2008,Damal,[42.8545784870695, 41.3600606230702],ardahan-damal
76,Iğdır,1142,Aralık,[44.4659785582298, 39.8193620795348],igdir-aralik
76,Iğdır,1398,Iğdır Merkez,[44.0197833672764, 39.8579737236536],igdir-igdir-merkez
76,Iğdır,1692,Tuzluca,[43.5873096144116, 39.9649921532425],igdir-tuzluca
76,Iğdır,2011,Karakoyunlu,[44.2455727628709, 39.9673129719323],igdir-karakoyunlu
77,Yalova,1716,Yalova Merkez,[29.265804415862, 40.5915593922311],yalova-yalova-merkez
77,Yalova,2019,Altınova,[29.4816588673423, 40.646208068665],yalova-altinova
77,Yalova,2020,Armutlu,[28.9080971234912, 40.5250105650144],yalova-armutlu
77,Yalova,2021,Çınarcık,[29.049021624339, 40.6062958694627],yalova-cinarcik
77,Yalova,2022,Çiftlikköy,[29.3858778777622, 40.6284498216986],yalova-ciftlikkoy
77,Yalova,2026,Termal,[29.1813404840093, 40.5942446930601],yalova-termal
78,Karabük,1296,Eflani,[32.9665130061119, 41.4361729999945],karabuk-eflani
78,Karabük,1321,Eskipazar,[32.5531144459177, 40.9471468203569],karabuk-eskipazar
78,Karabük,1433,Karabük Merkez,[32.60676625511, 41.1320962687916],karabuk-karabuk-merkez
78,Karabük,1561,Ovacık,[32.931344538597, 41.0564187376512],karabuk-ovacik
78,Karabük,1587,Safranbolu,[32.7632976243454, 41.3244189881618],karabuk-safranbolu
78,Karabük,1856,Yenice,[32.2962227216185, 41.1719963188446],karabuk-yenice
79,Kilis,1476,Kilis Merkez,[37.1005317870809, 36.7577333925191],kilis-kilis-merkez
79,Kilis,2023,Elbeyli,[37.4385437878549, 36.7145618484125],kilis-elbeyli
79,Kilis,2024,Musabeyli,[36.9459320078191, 36.9103953611594],kilis-musabeyli
79,Kilis,2025,Polateli,[37.1269929731578, 36.8380914218333],kilis-polateli
80,Osmaniye,1165,Bahçe,[36.5924272909089, 37.2149290813077],osmaniye-bahce
80,Osmaniye,1423,Kadirli,[36.1232365253247, 37.4128028548204],osmaniye-kadirli
80,Osmaniye,1560,Osmaniye Merkez,[36.289444747309, 37.0922789176052],osmaniye-osmaniye-merkez
80,Osmaniye,1743,Düziçi,[36.4378269340073, 37.291598887449],osmaniye-duzici
80,Osmaniye,2027,Hasanbeyli,[36.5273343259214, 37.1074154819924],osmaniye-hasanbeyli
80,Osmaniye,2028,Sumbas,[36.0419671607677, 37.5358251375961],osmaniye-sumbas
80,Osmaniye,2029,Toprakkale,[36.1142764779123, 37.0551858509586],osmaniye-toprakkale
81,Düzce,1116,Akçakoca,[31.1403997360542, 41.0257891367082],duzce-akcakoca
81,Düzce,1292,Düzce Merkez,[31.1857361835521, 40.8181929999185],duzce-duzce-merkez
81,Düzce,1730,Yığılca,[31.4854151438011, 40.9330673251429],duzce-yigilca
81,Düzce,1784,Cumayeri,[30.9324773931035, 40.9093105229772],duzce-cumayeri
81,Düzce,1794,Gölyaka,[30.9936757442798, 40.7359183687154],duzce-golyaka
81,Düzce,1905,Çilimli,[31.0483626190453, 40.8962148476812],duzce-cilimli
81,Düzce,2017,Gümüşova,[30.9589315768072, 40.8303515],duzce-gumusova
81,Düzce,2031,Kaynaşlı,[31.3298221878313, 40.7383931471598],duzce-kaynasli
